A theory for multiresolution signal decomposition: the wavelet representation,"S. G. Mallat, ",1989,10221,Diffusion LMP algorithm with adaptive variable power,Code generator for implementing dual tree complex wavelet transform on reconfigurable architectures for mobile applications,High-frequency-based features for low and high retina haemorrhage classification,Motion artefact removals for wearable ECG using stationary wavelet transform,Fault detection classification and location for transmission lines and distribution systems: a review on the methods,Singular value decomposition and wavelet-based iris biometric watermarking,Robust transcale decentralised estimation fusion for multisensor systems based on wavelet packet decomposition,Addressing the illumination challenge in two-dimensional face recognition: a survey,Fusion of structural and textural features for melanoma recognition,Condition monitoring of 11 kV overhead power distribution line insulators using combined wavelet and LBP-HF features,Reduced memory low complexity embedded image compression algorithm using hierarchical listless discrete tchebichef transform,Medical image denoising by generalised Gaussian mixture modelling with edge information,Bayesian denoising of ultrasound images using heavy-tailed Levy distribution,Image segmentation framework based on multiple feature spaces,Content-based image retrieval using fuzzy class membership and rules based on classifier confidence,Sparse representation based on vector extension of reduced quaternion matrix for multiscale image denoising,Scheme for unsupervised colour–texture image segmentation using neutrosophic set and non-subsampled contourlet transform,Texture classification by multifractal spectrum and barycentric coordinates of bit planes of wavelet coefficients,Fast Coiflet magnetic field integral equation for scattering from open rough surfaces,Development of backscatter sounding single-site location system,Short-term forecasting of ionospheric total electron content over a low-latitude global navigation satellite system station,Real-time fault analysis of transmission lines using wavelet multi-resolution analysis based frequency-domain approach,Proposal of a novel fitness function for evaluation of wavelet shrinkage parameters on partial discharge denoising,Robust zero-point attraction least mean square algorithm on near sparse system identification,Comparative study of automatic speech recognition techniques,Robust transcale state estimation for multiresolution discrete-time systems based on wavelet transform,Improved sub-band adaptive thresholding function for denoising of satellite image based on evolutionary algorithms,Search of a robust defect signature in gear systems across adaptive Morlet wavelet of vibration signals,Transforming the SMV model into MMV model based on the characteristics of wavelet coefficients,Computing the proximity operator of the ℓ<sub>p</sub> norm with 0 &lt; p &lt; 1
Compressed sensing,"D. L. Donoho, ",2006,10179,Blind sparsity weak subspace pursuit for compressed sensing,High-quality decoding method based on resampling and re-reconstruction,Regularised reweighted BPDN for compressed video sensing,Improved bounds on restricted isometry constant for orthogonal matching pursuit,Tree-structured complex wavelet-based Bayesian compressive sensing method,2D SAR imaging scheme based on compressive sensing,Divide and conquer method for sparsity estimation within compressed sensing framework,Compressive sensing of images based on discrete periodic radon transform,Sensing and measurement dictionaries design for block OMP algorithm,Fast sparse reconstruction algorithm for multidimensional signals,High-resolution inverse synthetic aperture radar imaging of manoeuvring targets with sparse aperture,Impact of compressed sensing on clinically relevant metrics for ambulatory ECG monitoring,MMSE-based version of OMP for recovery of discrete-valued sparse signals,Exploiting random convolution and random subsampling for image encryption and compression,Distributed perceptual compressed sensing framework for multiview images,L<sub>q</sub> regularisation-based synthetic aperture radar image feature enhancement via iterative thresholding algorithm,Exact support recovery via orthogonal matching pursuit from noisy measurements,2D single snapshot imaging using MIMO radar based on SR,VQ-based compressive sensing with high compression quality,Improved analysis of orthogonal matching pursuit in general perturbations,Compressive sampling for time critical microwave imaging applications,Diagnostic measure to quantify loss of clinical components in multi-lead electrocardiogram,Sparse block circulant matrices for compressed sensing,Impact of channel models on compressed sensing recovery algorithms-based ultra-wideband channel estimation,Reconstruction method for pulse position modulationultra wideband communication signal based on compressed sensing,Despread-ahead cyclic-prefix code division multiple access receiver with compressive sensing channel impulse response estimation,Sparse channel estimation of pulse-shaping multiple-input–multiple-output orthogonal frequency division multiplexing systems with an approximate gradient l<sub>2</sub> – Sl<sub>0</sub> reconstruction algorithm,Stable adaptive sparse filtering algorithms for estimating multiple-input–multiple-output channels,Adaptive multi-task compressive sensing for localisation in wireless local area networks,Gradient-based compressive sensing for noise image and video reconstruction
Image quality assessment: from error visibility to structural similarity,"Zhou Wang, A. C. Bovik, H. R. Sheikh, E. P. Simoncelli, ",2004,8442,SUSAN controlled decay parameter adaption for non-local means image denoising,Fast and efficient blind image quality index in spatial domain,Combination of geometric clustering and nonlocal means for SAR image despeckling,Full-reference image quality assessment using statistical local correlation,Content-based image quality assessment using semantic information and luminance differences,On ambiguity of objective image quality assessment,Recursive anisotropic diffusion denoising,Removing ring artefacts in CT images via unidirectional relative variation model,JPEG quantisation requires bit-shifts only,Blind curvelet watermarking method for high-quality images,Real-time 3D ultrasound denoising based on adaptive regularisation Savitzky–Golay filter,Colour-reproduction algorithm for transmitting variable video frames and its application to capsule endoscopy,Effects of image compression on ear biometrics,Multi-frame super-resolution for long range captured iris polar image,Real-time depth enhancement by fusion for RGB-D cameras,Motion objects segmentation based on structural similarity background modelling,Strategy for aesthetic photography recommendation via collaborative composition model,Image dehazing using two-dimensional canonical correlation analysis,Improved anisotropic diffusion equation based on new non-local information scheme for image denoising,l<sub>2</sub>-norm-based prior for haze-removal from single image,Single image dehazing with bright object handling,High-order Markov random field for single depth image super-resolution,Noise-refined image enhancement using multi-objective optimisation,Optimised image retargeting using aesthetic-based cropping and scaling,Guided image filtering using signal subspace projection,Edge detection for illumination varying images using wavelet similarity,Is there a relationship between peak-signal-to-noise ratio and structural similarity index measure?,Layered-based exposure fusion algorithm,Non-parametric modified histogram equalisation for contrast enhancement,Fusion framework for multi-focus images based on compressed sensing
Space-time codes for high data rate wireless communication: performance criterion and code construction,"V. Tarokh, N. Seshadri, A. R. Calderbank, ",1998,4914,On Performance of Space-Time Eigenbeam Coding,Distributed Linear Dispersion Space-Time Code,A QRD-Based Chase Decoding Algorithm for Quasi-Orthogonal Space-Time Block Code Systems,An Efficient Rate One STBC Scheme with 3 Transmit Antennas,The Performance of Space-Time Spread Spectrum LS-CDMA System over Fading Channel,Performance Comparison of Different Space-Time Block Codes Using A Single Receiver,A Novel Transmission Scheme with Relay Selection and HARQ in Decoded-and-Forward Mode of Cooperative Network,Space-Time Block Codes Assisted by Fast Turbo Codes,Asynchronous Space-Time Cooperation,Adaptive bit and power allocation algorithm for SVD-MIMO system with fixed transmission rate,A New 2×2 Coordinate Interleaved STBC for High-Rate Wireless Systems,Channel Estimation Algorithm for Super-Orthogonal Space Time Trellis Coded-OFDM Systems,A competent decoding algorithm for Trellis Code in Digital Mobile Radio,Adaptive Cellular Cyclic Delay Diversity for Multi-Carrier Spread Spectrum Systems,The wideband Omni-directional ceiling-mounted antenna with notched characteristic,Cooperative Diversity in Coded CDMA Systems over Frequency-Selective Fading Channels,Downlink Performance of a Multi-Carrier MIMO System in a Bursty Traffic Cellular Network,Optimal Space-Time Power Allocation in MIMO Rician Fading Channels with Ideal Channel State Information,Space-Time Block Coded Transmission with Phase Feedback for Two-User MIMO-MAC,BER analysis of mobile WiMAX system using LDPC coding and MIMO system under Rayleigh channel,On Space Time Block Codes in Non Quasi-Static Fading Channels,Error Performance of Convolutionally Concatenated Space-Time Block Codes,A Non-Full Spreading Full-Diversity Full-Rate STBC Design for Multiple Antennas BICM-ID Systems,On the Design of Quasi-Orthogonal Space-Time-Frequency Block Code over MIMO OFDM Channel,Complex Orthogonal Space-Time Block Codes Rates 5/13 and 6/14 for 5 and 6 Transmit Antennas,Achieving high-diversity in MB-OFDM systems,Exploiting algebraic structure in cross-layer design,On the optimality of incremental redundancy LAST coding,Application of randomization techniques to space-time convolutional codes,Externally encoded space-time coded systems with continuous phase frequency shift keying
User cooperation diversity. Part I. System description,"A. Sendonaris, E. Erkip, B. Aazhang, ",2003,4758,Outage performance of MIMO cooperative networks with selective OFDMA relaying,Ergodic and outage capacities of relaying channels in spectrum-sharing constrained systems,Multiple carrier frequency offsets tracking in co-operative space-frequency block-coded orthogonal frequency division multiplexing systems,Joint iterative decoding for LDPC-coded multi-relay cooperation with receive multi-antenna in the destination,On channel estimation of orthogonal frequency-division multiplexing amplify-and-forward cooperative relaying systems,Optimal incremental relaying in cooperative diversity systems,Distributed space-time trellis codes with continuous phase modulation for amplify and forward relaying,Efficient cooperative spectrum sensing for three-hop cognitive wireless relay networks,Delay-limited throughput analysis of cooperative hybrid automatic repeat request in asymmetric fading channels,N-Rth dual best relays opportunistic cooperation schemes and performance analyses over nakagami-m fading channels,Spectrum sensing and power efficiency trade-off optimisation in cognitive radio networks over fading channels,Impact of interference power constraint on multi-hop cognitive amplify-and-forward relay networks over Nakagami-m fading,A low-complexity relay selection scheme based on switch-and-examine diversity combining for AF relay systems,Survey on cooperative medium access control protocols,Cooperative communication-aided multi-carrier code division multiple access downlink transmission with transmitter preprocessing: performance results,Decode and forward relaying for energy-efficient multiuser cooperative cognitive radio network with outage constraints,On impact of relay placement for energy-efficient cooperative networks,Performance analysis of randomised space-time block codes for amplify-and-forward cooperative relaying,Extended low-density parity-check codes for feedback-based cooperative diversity schemes,Distributed orthogonal space-time block coding in wireless relay networks,Selective combining for hybrid cooperative networks,Diversity analysis of distributed linear convolutive space-time codes for time-frequency asynchronous cooperative networks,Power allocation for orthogonal frequency division multiplexing-based cognitive radio networks with cooperative relays,Cooperative spectrum sharing systems with relay selection in the presence of multiple primary receivers,Performance analysis of two-way opportunistic decode-and-forward based systems in nakagami-m fading environments,Robust beamforming and power allocation in cognitive radio relay networks with imperfect channel state information,Improved maximum a posteriori signal detection for amplify-and-forward relay networks with imperfect channel state information,Bit error probability of decode-and-forward relaying with efficient partial relay selection in non-identical rayleigh fading channels,Diversity-multiplexing tradeoff of opportunistic relay system with multiple-antenna destination,Low-complexity amplify-and-forward relaying protocol for non-coherent chaos-based communication system
Network information flow,"R. Ahlswede, Ning Cai, S. -Y. R. Li, R. W. Yeung, ",2000,4703,Multiuser analogue network coding with code division multiple access,Wireless physical layer network coding in potential presence of malicious relays – incomplete information game approach,Rate region of unicast routing networks,Delay analysis of network coding nodes and Butterfly network employing stop-and-wait automatic repeat request,Maximum euclidean distance network coded modulation for asymmetric decode-and-forward two-way relaying,Multiple-source multiple-destinations relay channels with network coding,Network-coded rateless coding scheme in erasure multiple-access relay enable communications,Performance analysis of network coding-based content distribution in vehicular ad-hoc networks,Use of matroid theory to construct a class of good binary linear codes,Optimisation of layer rate and wavelength allocation based on network coding for multirate optical multicast,Adaptive time division duplexing network with network coding embedded two-way relay,Design of amplify-and-forward relaying schemes for layered relay networks,Opportunistic relaying with analogue and digital network coding for two-way parallel relay network,User-specific link adaptation scheme for device-to-device network coding multicast,Minimum number of antennas and degrees of freedom of multiple-input–multiple-output multi-user two-way relay X channels,Secrecy outage performance for partial relay selection schemes in cooperative systems,SNR-based selective relaying schemes in network-coded two-way relay channels,Efficient combination of polynomial time algorithm and subtree decomposition for network coding,Source and physical-layer network coding for correlated two-way relaying,Opportunistic scheduling for a two-way relay network using Markov decision process,Merge-and-forward: a cooperative multimedia transmissions protocol using RaptorQ codes,Performance analysis of XOR two-way relay with finite buffers and instant scheduling,Caching efficiency of information-centric networking,Formation of network coding coalitions for cooperative communications,Upper bounds for the failure probability of random linear network coding for multicast network,Reduced functional dependence graphs,Minimum-costs of multiple unicasts wireless networks with inter-session network coding,Timely and reliable packets delivery over internet of vehicles for road accidents prevention: a cross-layer approach,On achievability of an (r l) fractional linear network code,Cooperative diversity routing and transmission for wireless sensor networks
Space-time block codes from orthogonal designs,"V. Tarokh, H. Jafarkhani, A. R. Calderbank, ",1999,4625,Computationally efficient linear predictor for communication over doubly selective fast-fading channel,On Performance of Space-Time Eigenbeam Coding,A QRD-Based Chase Decoding Algorithm for Quasi-Orthogonal Space-Time Block Code Systems,An Efficient Rate One STBC Scheme with 3 Transmit Antennas,Performance Comparison of Different Space-Time Block Codes Using A Single Receiver,A Novel Transmission Scheme with Relay Selection and HARQ in Decoded-and-Forward Mode of Cooperative Network,Error and Outage Performance of STBC MB-OFDM UWB,Space-Time Block Codes Assisted by Fast Turbo Codes,Special Property of Multiple-Trellis-Coded-Modulation Utilized for its Decoding,A Space Time Block Code from Quaternion Quasi-Orthogonal Design,Different Space-Time Modulation with Adaptive Loaded Eigen-Beamforming for Correlated Fading Channels,An Adaptive Space-Time Receiver for Time-Varying Channel with Imperfect Channel Estimation,Eigen-Beamforming Applied in STBC Multiplexing System,Outage probability of MIMO cognitive cooperative radio networks with multiple AF relays using orthogonal space-time block codes,Distributed Closed-Loop Quasi-Orthogonal Space Time Block Coding with four relay Nodes: overcoming Imperfect Synchronization,Link level performance analysis of adaptive MIMO-OFDM systems,Localization Algorithm Based on RSSI and Distance Geometry Constrain for Wireless Sensor Network,Ant-Colony Based Near-ML Block Decoder in Asynchronous Cooperative MIMO Systems Using a Linear Dispersion Structure,Efficient Iterative Decoding of Serially Concatenated Multiplexed Alamouti Codes,Is Transmit Beamforming Robust?,Linear Dispersion Codes for Asynchronous Cooperative MIMO Systems,Impact of Arbitrary Co-Channel MIMO Modes on Alamouti Coding under Path-Loss and Rayleigh Fading,Cooperative Diversity in Coded CDMA Systems over Frequency-Selective Fading Channels,Downlink Performance of a Multi-Carrier MIMO System in a Bursty Traffic Cellular Network,Eavesdropping-Resistant Space-Time Network Coding for Cooperative Communications,A Cross-Layer Architecture for Motion-Adaptive Video Transmission over MIMO Channels,On the Capacity of Multiple Cognitive Links through Common Relay under Spectrum-Sharing Constraints,OSTBC Transmission in MIMO AF Relay Systems with Keyhole and Spatial Correlation Effects,Space-Time Block Coded Transmission with Phase Feedback for Two-User MIMO-MAC,UKF Based Iterative Joint Channel Estimation for Uplink Two Dimensional Block Spread Wireless Networks
An Algorithm for Vector Quantizer Design,"Y. Linde, A. Buzo, R. Gray, ",1980,4342,Image retrieval based on histograms of EOPs and VQ indices,Efficient binary search space-structured VQ encoder applied to a line spectral frequency quantisation in G.729 standard,Index compression for vector quantisation using modified coding tree assignment scheme,Enhanced side match vector quantisation based on constructing complementary state codebook,New reversible full-embeddable information hiding method for vector quantisation indices based on locally adaptive complete coding list,High-quality initial codebook design method of vector quantisation using grouping strategy,Study on the consistency analysis between the prosody and the spectrum for Mandarin speech,Long-term intuitionistic fuzzy time series forecasting model based on vector quantisation and curve similarity measure,Detection of laryngeal function using speech and electroglottographic data,Morphological feature extraction for the classification of digital images of cancerous tissues,Vector quantization for compression of multichannel ECG,Mean-shape vector quantizer for ECG signal compression,Quality driven gold washing adaptive vector quantization and its application to ECG data compression,Multichannel ECG compression using multichannel adaptive vector quantization,Sequential and parallel neural network vector quantizers,Trellis-coded vector quantization,On convergence of Lloyd's method I,Entropy-constrained trellis-coded quantization,A vector quantizer for the Laplace source,Performance of entropy-constrained block transform quantizers,Joint design of block source codes and modulation signal sets,Vector quantization by deterministic annealing,Recursively indexed quantization of memoryless sources,Vector quantizers with direct sum codebooks,The root lattices as low bit rate vector quantizers,Trellis source code design as an optimization problem,Piecewise uniform vector quantizers,Vector quantization with complexity costs,Alphabet-constrained vector quantization,Universal schemes for sequential decision from individual data sequences
Near Shannon limit error-correcting coding and decoding: Turbo-codes. 1,"C. Berrou, A. Glavieux, P. Thitimajshima, ",1993,4041,Transmission of all-digital advanced television: state of the art and future directions,OFDM-based turbo-coded hierarchical and non-hierarchical terrestrial mobile digital video broadcasting,Satellite based turbo-coded blind-equalized 4-QAM and 16-QAM digital video broadcasting,Parallel concatenated convolutional coding for an LMDS system with multimedia services,Defining performance limits for turbo-code assisted synchronization in DVB-S systems,Ordered binary decision diagrams and minimal trellises,Optimum soft-output detection for channels with intersymbol interference,A rate-splitting approach to the Gaussian multiple-access channel,Unveiling turbo codes: some results on parallel concatenated coding schemes,Iterative decoding of binary block and convolutional codes,A distance spectrum interpretation of turbo codes,Minimal and canonical rational generator matrices for convolutional codes,On Diamond codes,On the spectrum of distances of a multilevel code decoded by a multistage decoder,Some structural properties of convolutional codes over rings,Serial concatenation of interleaved codes: performance analysis design and iterative decoding,MAP decoding of convolutional codes using reciprocal dual codes,Modulation and coding for linear Gaussian channels,Applications of error-control coding,The art of signaling: fifty years of coding theory,A comparison of known codes random codes and the best codes,Cross-entropy and iterative decoding,A simple one-sweep algorithm for optimal APP symbol decoding of linear block codes,Good error-correcting codes based on very sparse matrices,Multilevel codes: theoretical concepts and practical design rules,Design of interleavers for turbo codes: iterative interleaver growth algorithms of polynomial complexity,Which codes have cycle-free Tanner graphs?,The Golay convolutional code-some application aspects,Symbol-by-symbol APP decoding of the Golay code and iterative decoding of concatenated Golay codes,The geometry of turbo-decoding dynamics
Optimal decoding of linear codes for minimizing symbol error rate (Corresp.),"L. Bahl, J. Cocke, F. Jelinek, J. Raviv, ",1974,3817,On the error statistics of turbo decoding for hybrid concatenated codes design,Approaching the Shannon Limit in Digital Broadcasting,Suppression of Fiber Nonlinearities and PMD in Coded-Modulation Schemes With Coherent Detection by Using Turbo Equalization,Optical Code Division Multiple Access Network Transmission With M-ary Chip Symbols,Binary-input non-line-of-sight solar-blind UV channels: Modeling capacity and coding,Joint channel estimation interference mitigation and decoding for WDM coherent optical communications,Iterative joint detection decoding and channel estimation for dual antenna arrays in frequency selective fading,Convergence properties of iterative turbo decoding based on the number of searched states,Multiuser detection/decoding in asynchronous multitone multiple access systems,Deterministic and Monte Carlo approaches for joint iterative data detection and channel estimation,On EXIT-chart analysis of coherent and noncoherent space-time codes,MIMO spatial turbo coding with iterative equalization,UMICore — A mobile radio physical layer demonstrator,Error-prone relay networks with soft- and hard-decision re-encoding,Analysis of power optimization in a 2-hop multiple relay network,OFDM-IDM Space-Time Coding in two-hop relay-systems with error-prone relays,Time varying convolutional codes for punctured turbocodes,Improving turbocode performance by cross-entropy,Message passing methods for factor graph based MIMO detection,Iterative spatial demapping for two correlated sources over fading multiple access channel,Distributed joint source-channel coding for relay systems exploiting spatial and temporal correlations,An Efficient Adaptive Decoding for Block Turbo Codes,A Reduced-Complexity Parallel Interference Cancellation/Decoding for Convolutionally Coded CDMA Systems,Design of BICM-ID Systems with Suboptimal Log-MAP Decoding Algorithm,Space-Time Block Codes Assisted by Fast Turbo Codes,Max-Log-MAP and Log-MAP Decoding Algorithms for UST Symbol Based Turbo Code,An Adaptive Turbo Decoding Algorithm,Hybrid ARQ Scheme Based on TCM and Concatenated Codes,Modified Decoding Algorithm in CDMA System Under Fading Channel,A Novel Wireless Image Transmission Method Based Wavelet Decomposition Algorithm Over FH-OFDM System
Overview of the H.264/AVC video coding standard,"T. Wiegand, G. J. Sullivan, G. Bjontegaard, A. Luthra, ",2003,3803,Quantitative Evaluation of Human Visual Perception for Multiple Screens and Multiple Codecs,High Dynamic Range Video Production Delivery and Rendering,Video Compression and Its Role in the History of Television,Quantitative Evaluation of Human Visual Perception for Multiple Screens and Multiple CODECs,Analyzing and Optimizing Video Quality in the New H.265 (HEVC) Standard,A stochastic optimization approach for dynamic adaptive scalable video streaming over NDN,Exploiting computation skip to reduce energy consumption by approximate computing an HEVC encoder case study,Subjective and objective quality assessment of MPEG-2 H.264 and H.265 videos,Improvement of HEVC inter-coding mode using multiple transforms,Reducing computational complexity in HEVC decoder for mobile energy saving,Efficient parallel architecture for a real-time UHD scalable HEVC encoder,Heuristics for tile parallelism in HEVC,QoE based comparison of H.264/AVC and WebM/VP8 in an error-prone wireless network,Visual information exploited hybrid digital-analog scheme for wireless video multicast,DeepCoder: A deep neural network based video compression,Multi-class ranking based most probable prediction unit selection for HEVC encoding,Neural network-based arithmetic coding of intra prediction modes in HEVC,A new method for significance map decoding acceleration in the CABAD regular hardware engine,A Fast Linear-Prediction Fractional-Pixel Search Algorithm,Scalable high efficiency video coding (SHEVC) performance evaluation,SCAST: Wireless Video Multicast Scheme Based on Segmentation and Softcast,Adaptive GoP dividing video coding for wireless broadcast based on power allocation optimization,A prioritization scheme for H.264/AVC video congestion resilience with IEEE 802.11e,Adaptive rateless coding for data-partitioned video streaming over a broadband wireless channel,Decoding Path Selection for Multi-View Video System,An indoor wireless visual sensor network basing on light-fidelity communication,A hybrid no-reference video quality assessment based on region of interest,Hybrid digital-analog video multicast scheme based on H.264/AVC and SoftCast,Energy consumption evaluation of H.264 and HEVC video encoders in high-resolution live streaming,Distributed compressive video coding using Enhanced side information for WSN
An Introduction To Compressive Sampling,"Emmanuel J. Candes, Michael B. Wakin, ",2008,3789,Blind sparsity weak subspace pursuit for compressed sensing,8-channel 20 kHz to 200 MHz Nyquist and compressive sampler in 0.5 μm CMOS,Design of configurable chipping sequence generator for high-speed parallel samplers,Divide and conquer method for sparsity estimation within compressed sensing framework,Compressive sensing of images based on discrete periodic radon transform,Fast sparse reconstruction algorithm for multidimensional signals,Calibration for accuracy improvement of serial manipulators based on compressed sensing,Exploiting random convolution and random subsampling for image encryption and compression,Data compression of excitatory postsynaptic potentials,Multi-source and multi-relay cooperative system based on compressed sensing,Super-resolution radar imaging using fast continuous compressed sensing,Suboptimal aperture radar imaging by combination of pseudo-polar formatting and gridless sparse recovery method,Spatial coding in sonar imaging,Non-parametric confidence estimates for the Gini–Simpson measure of sparsity,Block sparsity-based joint compressed sensing recovery of multi-channel ECG signals,Difference sets-based compressive sensing as denoising method for narrow-band power line communications,Application of compressive sensing to limited feedback strategy in large-scale multiple-input single-output cellular networks,Energy-efficient orthogonal frequency division multiplexing scheme based on time–frequency joint channel estimation,Sparsity-aware channel order-blind pilot placement with channel estimation in orthogonal frequency division multiplexing systems,Sparse K-best detector for generalised space shift keying in large-scale multiple-input–multiple-output systems,Packet loss recovery in audio multimedia streaming by using compressive sensing,Distributed multi-object localisation by consensus on compressive sampling received signal strength fingerprints,Compressive channel estimation for universal filtered multi-carrier system in high-speed scenarios,Critical parameters of the sparse representation-based classifier,Enhanced fast compressive tracking based on adaptive measurement matrix,Method for detecting text information leakage in electromagnetic radiation from a computer display,Fusion framework for multi-focus images based on compressed sensing,Novel multifocus image fusion and reconstruction framework based on compressed sensing,Estimation of measurements for block-based compressed video sensing: study of correlation noise in measurement domain,Supervised locally linear embedding algorithm based on orthogonal matching pursuit
$rm K$-SVD: An Algorithm for Designing Overcomplete Dictionaries for Sparse Representation,"M. Aharon, M. Elad, A. Bruckstein, ",2006,3251,Impact of compressed sensing on clinically relevant metrics for ambulatory ECG monitoring,Structured sparse representation of residue in screen content video coding,Joint structure–texture sparse coding for quality prediction of stereoscopic images,Perceptual image hash function via associative memory-based self-correcting,Robust detection of premature ventricular contractions using sparse signal decomposition and temporal features,On robust face recognition via sparse coding: the good the bad and the ugly,LRR-TTK DL for face recognition,Combining Gabor filtering and classification dictionaries learning for fingerprint enhancement,Frequency-hopping signals sorting based on underdetermined blind source separation,Hierarchical spatial pyramid max pooling based on SIFT features and sparse coding for image classification,Log-Euclidean bag of words for human action recognition,Cross-view face recognition via structured dictionary based domain shift,Parallel algorithm implementation for multi-object tracking and surveillance,Improved hybrid method for image super-resolution,Locality constrained dictionary learning for non-linear dimensionality reduction and classification,Adaptive regularised l<sub>2</sub>-boosting on clustered sparse coefficients for single image super-resolution,Multi-instance multi-label learning of natural scene images: via sparse coding and multi-layer neural network,Action recognition from mutually incoherent pose bases in static image,Guided image filtering using signal subspace projection,Effective two-step method for face hallucination based on sparse compensation on over-complete patches,Tuned depth signal analysis on merged transform domain for view synthesis in free viewpoint systems,Simultaneous image fusion and denoising with adaptive sparse representation,Colour image steganography method based on sparse representation,Image denoising using common vector approach,Sparse representation based on vector extension of reduced quaternion matrix for multiscale image denoising,Image denoising via bidirectional low rank representation with cluster adaptive dictionary,Structured entropy of primitive: big data-based stereoscopic image quality assessment,Radar high-resolution range profiles target recognition based on stable dictionary learning,Modified coherence-based dictionary learning method for speech enhancement,Union of low-rank subspaces detector
"A new, fast, and efficient image codec based on set partitioning in hierarchical trees","A. Said, W. A. Pearlman, ",1996,3209,Efficient complex radial basis function model for multiuser detection in a space division multiple access/multiple-input multiple-output-orthogonal frequency division multiplexing system,Exploiting chrominance planes similarity on listless quadtree coders,Reduced memory low complexity embedded image compression algorithm using hierarchical listless discrete tchebichef transform,High-payload block-based data hiding scheme using hybrid edge detector with minimal distortion,Three-dimensional separate descendant-based SPIHT algorithm for fast compression of high-resolution medical image sequences,Hybrid WPT-BDCT transform for high-quality image compression,Low-complexity and efficient image coder/decoder with quad-tree search model for embedded computing platforms,Wavelet and wavelet packet compression of electrocardiograms,Wavelet compression of ECG signals by the set partitioning in hierarchical trees algorithm,A quality-on-demand algorithm for wavelet-based compression of electrocardiogram signals,Cascaded differential and wavelet compression of chromosome images,Quantization,Data compression and harmonic analysis,Lossy source coding,Distortion-rate bounds for fixed- and variable-rate multiresolution source codes,Statistical imaging and complexity regularization,Tiling and adaptive image compression,Error protection for progressive image transmission over memoryless and fading channels,Progressive source coding for a power constrained Gaussian channel,Structure-significant representation of structured datasets,A DCT-based embedded image coder using wavelet structure of DCT for very low bit rate video codec,Rate-distortion based optimization for zerotree entropy wavelet coding,Fault resilient and compression tolerant digital signature for image authentication,Very low bit rate color image compression by using stack-run-end coding,Image encryption for secure Internet multimedia applications,VLSI design of an efficient embedded zerotree wavelet coder with function of digital watermarking,Robust image transmission over CDMA channels,The JPEG2000 still image coding system: an overview,Robust image communication over wireless channels,SAR image compression with the Gabor transform
Least squares quantization in PCM,"S. Lloyd, ",1982,3148,Limited range spatial load balancing for multiple robots,LQG control of large networks: A clustering-based approach,Combined resource allocation and route optimization in multiagent networks: A scalable approach,Assessment of typical residential customers load profiles by using clustering techniques,Sensor selection and routing design for state estimation over wireless sensor networks,Distributed efficient multimodal data clustering,A clustering approach to triage categorization in A&amp;E departments,Payoff-oriented quantization and application to power control,Roll-out of reliable fiber to the cabinet: An interactive planning approach,Scalable Algorithms for Large and Dynamic Networks: Reducing Big Data for Small Computations,Fast volume rendering of compressed data,Point set surfaces,Compression domain volume rendering,Batched multi triangulation,A Robust Communication System Based on Joint-Source Channel Coding for a Uniform Source,Compression of Channel State Information in Downlink MIMO-OFDM Systems,MAP Decoding of Correlated Sources over Soft-Decision Orthogonal Multiple Access Fading Channels with Memory,Utility Privacy Trade-Off for Noisy Channels in OFDM Systems,A Novel Hierarchical Low Complexity Synchronization Method for OFDM Systems,Optimizing feature-vector extraction algorithm from grayscale images for robust medical radiograph analysis,Half hypersphere confinement for piecewise linear regression,On stochastic adaptive control under quantization,Optimal bit allocation for source/channel coding in joint trellis coded quantization/modulation,Combined Rate and Precoder Design for Slow Fading Correlated MIMO Channels with Limited Feedback,Iterative Detection of Three-Stage Concatenated FFH-MFSK,Genetic Algorithm Aided Design of Near-Capacity Irregular Variable Length Codes,Finite-State Markov Modelling of Frequency-Selective Fading Channels with Correlated Taps,Bandwidth efficient compress-and-forward relaying based on joint source-channel coding,Quantization techniques for accurate soft message combining,Optimal Request Clustering for Link Reliability Guarantee in Wireless Networked Control
Layered space-time architecture for wireless communication in a fading environment when using multi-element antennas,"Gerard J. Foschini, ",1996,3120,Quantized frame expansions in a wireless environment,Linear receivers for multiple-antenna communication channels: an asymptotic analysis,A simple and asymptotically tight upper bound on the symbol error probability of adaptive antennas with optimum combining,Orthogonal space-time coding for CPM system with fast decoding,Optimal STBC over PSK signal sets from cyclotomic field extensions,Coding for multiple antenna transmission in fast fading and in OFDM,Channel diagonalization through orthogonal space-time coding,Performance comparison of layered space time codes,Trellis coding for diagonally layered space-time systems,A simplified bit allocation for V-BLAST based OFDM MIMO systems in frequency selective fading channels,Layered space-time equalization of multiple-input multiple-output frequency selective channels,Training-based channel estimation for continuous flat fading BLAST,Systematic design of space-time codes employing multiple trellis coded modulation,Outdoor BLAST measurement system at 2.44 GHz: calibration and initial results,Capacity of MIMO systems based on measured wireless channels,Optimal designs for space-time linear precoders and decoders,Keyholes correlations and capacities of multielement transmit and receive antennas,Data throughputs using multiple-input multiple-output (MIMO) techniques in a noise-limited cellular environment,Detection techniques for V-BLAST in frequency selective fading channels,An investigation of carrier recovery techniques for space-time coded MIMO wireless systems,Trellis-coded differential unitary space-time modulation in slow flat fading channels with interleaver,Iterative bit &amp; power allocation for V-BLAST based OFDM MIMO system in frequency selective fading channel,Estimation of continuous flat fading MIMO channels,Improved quasi-orthogonal codes,Statistical characterization of multiple-input multiple-output (MIMO) channel capacity,A novel spread space-spectrum multiple access scheme for the forward link,Structured unitary space-time autocoding constellations,Multiuser capacity in block fading with no channel state information,Finite-length MIMO equalization using canonical correlation analysis,Evaluation of capacity of indoor wireless MIMO channel using ray tracing
Low-density parity-check codes,"R. Gallager, ",1962,2959,An improved decoding algorithm based on min-max for NB-LDPC codes,An approximate hardware check node for λ-min-based LDPC decoders,Random-permutation-matrix-based cyclically-coupled LDPC codes,Optical Front-End for Soft-Decision LDPC Codes in Optical Communication Systems,A Novel Construction Scheme with Linear Encoding Complexity for LDPC Codes,Two Algebraic Methods for Constructing Efficiently Encodable Quasi-Cyclic LDPC Codes,Joint Optimization of LDPC Codes with EXIT Chart,A New Generation Satellite Broadcasting System in China: Advanced Broadcasting System-Satellite,An Improved Peeling Decoder Scheme,Quasi-cyclic low-density parity-check convolutional code,Impact of intra-flow network coding on the relay channel performance: An analytical study,A systematic approach for achieving low bit error rate of LDPC decoder using MWD algorithm,High throughput structured LDPC layered decoder,MLD Approach for Modeling and Predictive Control of Two-Tank Dynamic System over Networks,Study on the Development of Synthesis Evaluation System Based on an Improved Fuzzy-AHP Algorithm,Realization of Time Delayed Wireless MIMO Channel,PEG-like algorithm for LDPC codes,An Improved Message Passing Schedule of BP-Based Decoding Algorithm for LDPC Codes,Comparison of the Detrimental Effects of Trapping Sets in LDPC Codes,Multiple Phased-Burst Correcting Superposition Product LDPC Codes,A Design Criterion of Error Correcting Codes for Spectrum-Overlapped Resource Managements,FFT-SPA based non-binary LDPC decoder for IEEE 802.11n standard,Construction of LDPC Codes for Coded Cooperative Relay,Code Design and Performance Analysis of a Novel Concatenated LDPC-STBC for Media Communication in Asynchronous Cooperative MIMO Systems,UHF RFID transmission with soft-input BCH decoding,An Improved Decoding Method for LDPC Codes in SC-FDE System,Construction of LDPC Codes with Cycles Hold in Tanner Graph,Gaussian Approximation for LDPC Codes,An Adaptive LDPC-Coded MIMO-OFDM System Based on Statistical Channel State Information,Linear Time Encoding of Low-Density Parity Check Codes and its Performance in Weak Atmospheric Turbulent Channels
Distributed space-time-coded protocols for exploiting cooperative diversity in wireless networks,"J. N. Laneman, G. W. Wornell, ",2003,2933,A Performance Study of Multi-Node System in Wireless Network,On Performance of Combining Methods for Three-Node Cooperative Diversity Wireless Network,SEP Analysis and Optimal Power Allocation of Multi-Node Amplify-and-Forward Cooperation Systems,Opportunistic Virtual Antenna Array with Optimal Relay Mobile Terminals Selection,Power Allocation Algorithm in Amplify-and-Forward Relay Networks,ARQ Protocols for Two-User Cooperative Diversity Systems,Application of Cooperative MIMO in the Ad Hoc Shallow Water Acoustic Sensor Network,Distributed Closed-Loop Quasi-Orthogonal Space Time Block Coding with four relay Nodes: overcoming Imperfect Synchronization,Distributed 2×2 space-time trellis code (DSTTC) with imperfect relay,Outage performance of energy harvesting relay-assisted device-to-device communication,Adaptive distributed space-time block code with linear decoding complexity,Performance of Cooperative Transmission Schemes Using Distributed Antennas,Analysis of Bifurcation Phenomena Based on Optimized Transformer in Loosely Coupled Inductive Power Transfer System,Analysis of NEMS Switch Using Changeable Space Domain,Outage-Optimal Power Allocation for Space-Time Cooperative Network Coding with Amplify-and-Forward,Novel Distributed Turbo Coding Scheme in Two-Hop Relay Networks,Achieving Space Diversity with Non-Coherent AF Relaying,Superimposed Training Based Channel Estimation for OFDM Modulated AF Relay Networks,Ant-Colony Based Near-ML Block Decoder in Asynchronous Cooperative MIMO Systems Using a Linear Dispersion Structure,Linear Dispersion Codes for Asynchronous Cooperative MIMO Systems,N Plus Normalized Threshold Opportunistic Relay Selection with Outdated Channel State Information,Cooperative Strategies and Fairness-Aware Resource Allocation in Selection-Based OFDM Networks,Achieving Spectral Efficient Cooperative Diversity with Network Interference Cancellation,A Simple Probabilistic Relay Selection Protocol for Asynchronous Multi-Relay Networks Employing Rateless Codes,Efficient Multiple Access Protocols for Coded Multi-Source Multi-Relay Networks,Power Allocation for Decode-and-Forward Cellular Relay Network with Channel Uncertainty,Near-Capacity Irregular Convolutional Coded Cooperative Differential Linear Dispersion Codes Using Multiple-Symbol Differential Decoding Aided Non-Coherent Detection,Outage Rate and Outage Duration of Decode-and-Forward Cooperative Diversity Systems,Smart Cooperation through Orthogonal Signaling and Optimal Power Allocation,Performance Bounds of Multi-Relay Decode-and-Forward Cooperative Networks over Nakagami-m Fading Channels
Rate-constrained coder control and comparison of video coding standards,"T. Wiegand, H. Schwarz, A. Joch, F. Kossentini, G. J. Sullivan, ",2003,2925
Embedded image coding using zerotrees of wavelet coefficients,"J. M. Shapiro, ",1993,2919,Projection VQ Applied to Video Sequence Encoding,Optimal compression of vibration data with lifting wavelet transform and context-based arithmetic coding,Symmetric Scalable Multiple Description Scalar Quantization,General Embedded Quantization for Wavelet-Based Lossy Image Coding,Effective Channel Gain Estimation in cellular wireless networks,Social Sparsity! Neighborhood Systems Enrich Structured Shrinkage Operators,Hierarchical Infinite Divisibility for Multiscale Shrinkage,Group Sparse Recovery via the $ell ^0(ell ^2)$ Penalty: Theory and Algorithm,Noise-resistant fitting for spherical harmonics,Hierarchical Tensor Approximation of Multi-Dimensional Visual Data,A Statistical Approach to Volume Data Quality Assessment,Scalable L-Infinite Coding of Meshes,Fixed-Rate Compressed Floating-Point Arrays,Adaptive Multilinear Tensor Product Wavelets,On exploring inter-iteration parallelism within rate-balanced multirate multidimensional DSP algorithms,Non-RAM-based architectural designs of wavelet-based digital systems based on novel nonlinear I/O data space transformations,Reduced-rate retransmissions for spread-spectrum packet radio multimedia networks,A Block-Based Still Image Coder for Parallel Computing,3D-4 Analysis of Ultrasonic 3-D Image Compression Using Non-Uniform Separable Wavelet Transforms,Adaptive 3D ultrasonic data compression using distributed processing engines,Real-time Two-Stage SPECK (TSSP) design and implementation for scalable video coding on embedded systems,The hierarchical signal dependent transform: Creating orthonormal basis that match local signal characteristics,Virtual Data Warehouse architecture for real-time WebGIS,Bandwidth efficient and error resilient image coding for Rayleigh fading channels,UEP of progressive images in wireless channels,Multi-priority video partitioning for CDMA based communication systems,Image fusion using the expectation-maximization algorithm and a hidden Markov model,Tree-Structured Multiple Description Coding for Multiview Mobile TV and Camera-Phone Networks,Dynamic RSVP for mobile IPv6 in wireless networks,Image transmission with multiuser detection over DS/CDMA channels
Near-Optimal Signal Recovery From Random Projections: Universal Encoding Strategies?,"Emmanuel J. Candes, Terence Tao, ",2006,2839,Compressive sensing via reweighted TV and nonlocal sparsity regularisation,Separable data hiding in encrypted image based on compressive sensing,Compressive sensing of images based on discrete periodic radon transform,L<sub>q</sub> regularisation-based synthetic aperture radar image feature enhancement via iterative thresholding algorithm,Compressive sampling for time critical microwave imaging applications,Electrocardiograph signal denoising based on sparse decomposition,Sparse block circulant matrices for compressed sensing,Adaptive multi-task compressive sensing for localisation in wireless local area networks,Sparsity-aware channel order-blind pilot placement with channel estimation in orthogonal frequency division multiplexing systems,Sparse K-best detector for generalised space shift keying in large-scale multiple-input–multiple-output systems,Wireless backhaul resource allocation and user-centric clustering in ultra-dense wireless networks,Enhanced fast compressive tracking based on adaptive measurement matrix,Fusion framework for multi-focus images based on compressed sensing,Omni-gradient-based total variation minimisation for sparse reconstruction of omni-directional image,Colour compressed sensing imaging via sparse difference and fractal minimisation recovery,Compressive sensing measurement matrix construction based on improved size compatible array LDPC code,Spinning disk as a spatial light modulator for rapid infrared imaging,Real-valued sparse representation for single snapshot direction-of-arrival estimation in shipborne high-frequency surface wave radar,Sparse representation based two-dimensional direction-of-arrival estimation method with L-shaped array,Doppler ambiguity removal and ISAR imaging of group targets with sparse decomposition,Jittered chirp sequence waveform in combination with CS-based unambiguous Doppler processing for automotive frequency-modulated continuous wave radar,Compressive sensing via sparse difference and fractal and entropy recognition for mass spectrometry sensing data,Cauchy diversity measures: a novel methodology for enhancing sparsity in compressed sensing,Aliasing-free micro-Doppler analysis based on short-time compressed sensing,Separation of undersampled composite signals using the Dantzig selector with overcomplete dictionaries,Compressive sensing for cluster structured sparse signals: variational Bayes approach,Finite projective spaces in deterministic construction of measurement matrices,Computing the proximity operator of the ℓ<sub>p</sub> norm with 0 &lt; p &lt; 1,Reconstruction algorithm using exact tree projection for tree-structured compressive sensing,Efficient noise reduction for interferometric phase image via non-local non-convex low-rank regularisation
Decoding by linear programming,"E. J. Candes, T. Tao, ",2005,2767,Improved bounds on restricted isometry constant for orthogonal matching pursuit,Object tracking using compressive local appearance model with ℓ<sub>1</sub>-regularisation,Analysis of generalised orthogonal matching pursuit using restricted isometry constant,Improved analysis of greedy block coordinate descent under RIP,Exact support recovery via orthogonal matching pursuit from noisy measurements,Sufficient condition analysis of multipath matching pursuit,Source phone identification using sketches of features,Sparse block circulant matrices for compressed sensing,Impact of channel models on compressed sensing recovery algorithms-based ultra-wideband channel estimation,Sparsity-aware channel order-blind pilot placement with channel estimation in orthogonal frequency division multiplexing systems,Sparse K-best detector for generalised space shift keying in large-scale multiple-input–multiple-output systems,Joint channel estimation and detection using Markov chain Monte Carlo method over sparse underwater acoustic channels,Restricted isometry constant improvement based on a singular value decomposition-weighted measurement matrix for compressed sensing,Regularised estimation for ARMAX process with measurements subject to outliers,Enhanced fast compressive tracking based on adaptive measurement matrix,Omni-gradient-based total variation minimisation for sparse reconstruction of omni-directional image,Facial expression recognition via sparse representation using positive and reverse templates,MR image reconstruction using cosupport constraints and group sparsity regularisation,Super-resolution reconstruction: using non-local structure similarity and edge sharpness dictionary,Perceptual hash algorithm-based adaptive GOP selection algorithm for distributed compressive video sensing,Spinning disk as a spatial light modulator for rapid infrared imaging,Multiple-input–multiple-output radar super-resolution three-dimensional imaging based on a dimension-reduction compressive sensing,Jittered chirp sequence waveform in combination with CS-based unambiguous Doppler processing for automotive frequency-modulated continuous wave radar,Range–Doppler reconstruction for frequency agile and PRF-jittering radar,Detection of unknown and arbitrary sparse signals against noise,Double-level binary tree Bayesian compressed sensing for block structured sparse signals,New inequalities on sparse representation in pairs of bases,Chaotic analogue-to-information conversion with chaotic state modulation,Robust sparse representation for adaptive sensing of turbulent phenomena,Separation of undersampled composite signals using the Dantzig selector with overcomplete dictionaries
Secure spread spectrum watermarking for multimedia,"I. J. Cox, J. Kilian, F. T. Leighton, T. Shamoon, ",1997,2680,Fragile and blind watermarking technique based on Weber's law for medical image authentication,Covert communications through mobile voice channels,Image watermark detection in the wavelet domain using Bessel K densities,Robust quantisation index modulation-based approach for image watermarking,Efficient wavelet-based perceptual watermark masking for robust fingerprint image watermarking,Geometric modelling of the wavelet coefficients for image watermarking using optimum detector,Digital image watermarking using partial pivoting lower and upper triangular decomposition into the wavelet domain,Reversible data hiding in JPEG images utilising zero quantised coefficients,Block-based discrete wavelet transform-singular value decomposition image watermarking scheme using human visual system characteristics,Digital video steganalysis toward spread spectrum data hiding,Amplitude-adaptive spread-spectrum data embedding,Tracing traitors,Quantization index modulation: a class of provably good methods for digital watermarking and information embedding,Document identification for copyright protection using centroid detection,Data hiding in images via multiple-based number conversion and lossy compression,A watermarking technique based on one-way hash functions,A programmable DSP solution to a solid state audio player,An adaptive digital image watermarking technique for copyright protection,Fault resilient and compression tolerant digital signature for image authentication,Digital watermarking using zerotree of DCT,Joint wavelet and spatial transformation for digital watermarking,A watermarking sequence using parities of error control coding for image authentication and correction,Multiresolution watermarking for video based on gray-level digital watermark,Attacks on digital watermarks: classification estimation based attacks and benchmarks,Protecting digital image copyrights: a framework,Digital watermarking: from concepts to real-time video applications,Orientation tracking for outdoor augmented reality registration,A New 3D Watermarking Algorithm,Digital watermarks: Shedding light on the invisible,Hiding digital watermarks using multiresolution wavelet transform
Factor graphs and the sum-product algorithm,"F. R. Kschischang, B. J. Frey, H. -A. Loeliger, ",2001,2677,Application of bubble-check algorithm to non-binary LLR computation in QAM coded schemes,Doped expectation propagation for low-complexity message passing based detection,Towards controller placement problem for software-defined network using affinity propagation,Reduced-complexity tracking scheme based on adaptive weighting for location estimation,Convolutional doubly orthogonal codes over GF(q),Joint detection/decoding algorithms for non-binary low-density parity-check codes over inter-symbol interference channels,Graph-based low complexity detection algorithms in multiple-input-multiple-out systems: an edge selection approach,Belief propagation-based multiuser receivers in optical code-division multiple access systems,Quasi-cyclic low-density parity-check codes based on finite set systems,Unequal error protection by partial superposition transmission using low-density parity-check codes,Joint channel estimation and decoding in the presence of phase noise over time-selective flat-fading channels,Iterative detection and decoding for non-binary LDPC coded partial-response channels with written-in errors,Message Passing localisation algorithm combining BP with VMP for mobile wireless sensor networks,Serially concatenated belief propagation decoder for low-density parity-check codes,Joint detection and decoding for physical-layer network coding in power line channel,Dynamic source–channel coding for estimation and control over binary symmetric channels,Matrix embedding in steganography with binary Reed–Muller codes,Cooperative robotic networks for underwater surveillance: an overview,Message passing detection for large-scale MIMO systems: damping factor analysis,Ordered binary decision diagrams and minimal trellises,Which codes have cycle-free Tanner graphs?,The generalized distributive law,Network information flow,Codes on graphs: normal realizations,On the optimality of solutions of the max-product belief-propagation algorithm in arbitrary graphs,An analysis of belief propagation on the turbo decoding graph with Gaussian densities,Signal-space characterization of iterative decoding,Concatenated tree codes: a low-complexity high-performance approach,Zigzag codes and concatenated zigzag codes,Tanner graphs for group block codes and lattices: construction and complexity
The Laplacian Pyramid as a Compact Image Code,"P. Burt, E. Adelson, ",1983,2639,A Research of Multiresolution Image Sequence Coding System Based on Wavelet Transform,Practical Quality Assessment for Digitized Film Content,Channel-Compatible 6-MHz HDTV Distribution Systems,Practical Quality Assessment for Digitized Film Content,Multi-focus image fusion based on multi-scale focus measures and generalized random walk,Full-focused image fusion in the presence of noise,Band level fusion using quaternion representation for extended multi-spectral face recognition,Fractional order method of image keypoints detection,Channel-Compatible 6-MHz HDTV Distribution Systems,Digital Television Broadcasting: Nondisruptive Improvement over Time,The Binomial QMF-Wavelet Transform for Multiresolution Signal Decomposition,Framing pyramids,Multiresolution direction filterbanks: theory design and applications,Block-based frequency scalable technique for efficient hierarchical coding,A Higher Density Discrete Wavelet Transform,Computation of the Para-Pseudoinverse for Oversampled Filter Banks: Forward and Backward Greville Formulas,Orthogonal and Biorthogonal FIR Hexagonal Filter Banks With Sixfold Symmetry,Overcomplete Discrete Wavelet Transforms With Rational Dilation Factors,On Bounds of Shift Variance in Two-Channel Multirate Filter Banks,Effortless Critical Representation of Laplacian Pyramid,Multiscale Local Polynomial Smoothing in a Lifted Pyramid for Non-Equispaced Data,Multi-D Wavelet Filter Bank Design Using Quillen-Suslin Theorem for Laurent Polynomials,Oversampled Graph Laplacian Matrix for Graph Filter Banks,A Multiscale Pyramid Transform for Graph Signals,Computational intelligence aspects for defect classification in aeronautic composites by using ultrasonic pulses,Fast multiresolution image operations in the wavelet domain,Efficient example-based painting and synthesis of 2D directional texture,Mixed Media Painting and Portraiture,Interactive Histology of Large-Scale Biomedical Image Stacks,A User-Assisted Approach to Visualizing Multidimensional Images
The wire-tap channel,"A. D. Wyner, ",1975,2521,Unconditionally secure communications over fading channels,A rate-distortion problem for a communication system with a secondary decoder to be hindered,Coding for relay channels with confidential messages,From weak to strong information-theoretic key agreement,Secure information transmission for mobile radio,Secured primary system with the assistance of secondary system in spectrum-sharing environment,Towards physical layer security in Internet of Things based on reconfigurable multiband diversification,Security versus reliability study for power-limited mobile IoT devices,Nonorthogonal Multiple Access for 5G and Beyond,Secrecy Analysis of Cooperative Network with Untrustworthy Relays Using Location-Based Multicasting Technique,Multi-message Authentication over Noisy Channel with Polar Codes,Weighted-Voronoi-Diagram Based Codebook Design against Passive Eavesdropping for MISO Systems,Physical Layer Security Scheme Based on Base Station Cooperation in Dense Heterogeneous Networks,Performance Analysis of Physical Layer Security over Rician/Nakagami-m Fading Channels,Enhancing Physical Layer Security through the Use of Suprathreshold Stochastic Resonance and Jamming,Internal Collusive Eavesdropping of Interference Alignment Networks,Robust Sum Secrecy Rate Optimization for MISO Systems with Device-to-Device Communication,Secrecy Outage Analysis of Hybrid Satellite-Terrestrial Relay Networks with Opportunistic Relaying Schemes,Secure Selection in Untrusted Decode-and-Forward Relay Networks with Direct Links,Secrecy Outage Probability of Multiuser Untrusted Amplify-and-Forward Relay Networks,Outage Constrained Robust Energy Efficiency Optimization for MISO Wiretap Channels,Secure Channel Selection Using Multi-Armed Bandit Algorithm in Cognitive Radio Network,Improving the secrecy of cooperative transmissions using unshared jamming,Channel-Aware Randomized Encryption and Channel Estimation Attack,Capacity results on the multiple-access wiretap channel with noiseless feedback,Secrecy Performance Analysis of Energy Harvesting Wireless Sensor Networks With a Friendly Jammer,Energy Efficiency and Secure Communication with Power Splitting Energy Harvesting Technique for Single Relay Network,Secrecy outage of cooperative relay network with and without eavesdropper's direct link,Security of full-duplex jamming SWIPT system with multiple non-colluding eavesdroppers,Multiple access wiretap channel with noiseless feedback
The viterbi algorithm,"G. D. Forney, ",1973,2509,Joint detection/decoding algorithms for non-binary low-density parity-check codes over inter-symbol interference channels,Fault classification and diagnostic system for unmanned aerial vehicle electrical networks based on hidden Markov models,Comparative investigation into Viterbi based and multiple hypothesis based track stitching,Maximum Likelihood Diagnosis in Partially Observable Finite State Machines,An approach to cardiac arrhythmia analysis using hidden Markov models,Recent advancements in automatic speaker authentication,Multilevel RS/convolutional concatenated coded QAM for hybrid IBOC-AM broadcasting,Generalized algorithm-based fault tolerance: error correction via Kalman estimation,Ordered binary decision diagrams and minimal trellises,Trellis-coded vector quantization,On simultaneous signal estimation and parameter identification using a generalized likelihood approach,Trellis shaping,Entropy-constrained trellis-coded quantization,On codes satisfying Mth-order running digital sum constraints,Spectrum distance and receiver complexity of encoded continuous phase modulation,Block-coded M-PSK modulation over GF(M),Trellis source code design as an optimization problem,Correcting dependent errors in sequences generated by finite-state processes,Markov modeling for Bayesian restoration of two-dimensional layered structures,A nonalgorithmic maximum likelihood decoder for trellis codes,A decomposition approach to CPM,Optimal detection of discrete Markov sources over discrete memoryless channels/spl minus/applications to combined source-channel coding,Maximum likelihood sequence estimation from the lattice viewpoint,Trellis-coded quantization designed for noisy channels,Remarks on linear and nonlinear filtering,Optimum soft-output detection for channels with intersymbol interference,Construction and evaluation of trellis-coded quantizers for memoryless sources,Error-correcting two-dimensional modulation codes,Systolic array processing of the Viterbi algorithm,Multilevel codes based on partitioning
Channel coding with multilevel/phase signals,"G. Ungerboeck, ",1982,2457,Cooperative communication between cognitive and primary users,Set partitioning of Gaussian integer constellations and its application to two-dimensional interleaving,Method of blind reconstruction for trellis-coded modulation codes,Recursive method for generating column weight 3 low-density parity-check codes based on three-partite graphs,Complexity reduced turbo-bit-interleaved coded modulation with iterative decoding,Evaluation of channel coding modulation and interference of digital ATV terrestrial transmission systems,Transmission of all-digital advanced television: state of the art and future directions,Prediction/cancellation techniques for fading broadcasting channels. I. PSK signals,Defining performance limits for turbo-code assisted synchronization in DVB-S systems,Trellis-coded vector quantization,Trellis shaping,Trellis precoding: combined coding precoding and shaping for intersymbol interference channels,Entropy-constrained trellis-coded quantization,Geometrically uniform codes,Optimization of signal sets for partial-response channels. I. Numerical techniques,Shaping using variable-size regions,Upper bounds for small trellis codes,On the Hamming distance properties of group codes,Lattice and trellis quantization with lattice- and trellis-bounded codebooks-High-rate theory for memoryless sources,Decoding spherical codes for the Gaussian channel,A lower bound on the minimum Euclidean distance of trellis-coded modulation schemes,Spectrum distance and receiver complexity of encoded continuous phase modulation,Trellis coding with multidimensional QAM signal sets,Block-coded M-PSK modulation over GF(M),Coding for the discretely phase ambiguous additive white Gaussian channel,The cutoff rate of time correlated fading channels,Finite-state codes,Coset codes. I. Introduction and geometrical classification,Nearest neighbor algorithm for spherical codes from the Leech lattice,Asymptotic error performance of modulation codes in the presence of severe intersymbol interference
Diversity and multiplexing: a fundamental tradeoff in multiple-antenna channels,"Lizhong Zheng, D. N. C. Tse, ",2003,2415,Diversity–Multiplexing Trade-Off in Coherent Free-Space Optical Systems With Multiple Receivers,Systematic design of 3-port bug-like MIMO antenna based on theory of characteristic mode,A real-time FPGA-based implementation of a high-performance MIMO-OFDM transceiver featuring a closed-loop communication scheme,Outage analysis of AF based Multi-Hop Multi-Branch networks with K<sup>th</sup> best relay selection,Performance analysis of free-space optical wireless channels using finite-SNR DMT,Puffer Characteristic Calculation of a Circuit Breaker Using Fluorocarbon Gas Mixture as an Arc Quenching Medium,Improving the Diversity-Multiplexing Tradeoff with Repetition-Coded Relaying in Wireless Downlink,Cooperative Transmission with a Slotted Incremental Decode-and-Forward Protocol,K-User MIMO X Network System with Perfect Interference Alignment,Effective Cooperative ARQ Protocols with the Opportunistic Selective AF Relaying: The Perspectives of Outage versus Packet Error Probabilities,Efficient Multiple Access Protocols for Coded Multi-Source Multi-Relay Networks,On the Diversity and Multiplexing Tradeoff in MIMO Fading Channels with Two-Way Training and Power Control,Space-Time Block Coded Transmission with Phase Feedback for Two-User MIMO-MAC,Performance of DSTTD MC-IDMA system for downlink communications,Performance of dual-polarized MIMO MC-IDMA system for downlink communications,On the Finite-SNR Diversity-Multiplexing Tradeoff of Zero-Forcing Transmit Scheme under Secrecy Constraint,Adaptive Transmission Strategy for Two-Way Relaying Using Physical-Layer Network Coding,Spatially coupled repeat-accumulate coded cooperation,Cooperative Diversity Using Optimal Relay Power Control for Different Fading Channels,Layered Gibbs Sampling Algorithm for Near-Optimal Detection in Large-MIMO Systems,Modeling and Analysis of Energy Consumption for MIMO Systems,Downlink Multi-User MIMO Transmission for Reconfigurable Antenna Systems,Performance Analysis of Adaptive Power Technique for Cooperative Diversity Communications,Performance Analysis of Optimal Relay Power Control in MIMO System,Space-time code ARQ protocol for wireless networks,Research on the power exponent and the outage exponent in superposition coding relaying strategy,All-participate hybrid forward cooperative communications with multiple relays,The uplink capacity of SA-MIMO system under single-user scenario,Performance analysis of time division broadcast protocol with incremental relaying,Performance analysis of distributed space-time coded cooperative multicast
Multicarrier modulation for data transmission: an idea whose time has come,"J. A. C. Bingham, ",1990,2279,Simple capacity-achieving coded modulation strategy,Cross-relation-based frequency-domain blind channel estimation with multiple antennas in orthogonal frequency division multiplexing systems,Fine granularity resource allocation algorithm for video transmission in orthogonal frequency division multiple access system,Clustered-orthogonal frequency division multiplexing for power line communication: when is it beneficial?,Spectral efficient compressive transmission framework for wireless communication systems,Transmission of all-digital advanced television: state of the art and future directions,Digital linearizer for RF amplifiers,An OFDM all digital in-band-on-channel (IBOC) AM and FM radio solution using the PAC encoder,Performance analysis of Viterbi decoder using channel state information in COFDM system,A novel subblock partition scheme for partial transmit sequence OFDM,An investigation into time-domain approach for OFDM channel estimation,PC-based receiver for Eureka-147 digital audio broadcasting,Trellis precoding: combined coding precoding and shaping for intersymbol interference channels,Wavelet-based representations for a class of self-similar signals with application to fractal modulation,Optimization of signal sets for partial-response channels. I. Numerical techniques,Efficiently computed reduced-parameter input-aided MMSE equalizers for ML detection: a unified approach,Optimization and performance evaluation of multicarrier transmission,Modulation and coding for linear Gaussian channels,Peak-to-mean power control in OFDM Golay complementary sequences and Reed-Muller codes,Generalized Reed-Muller codes and power control in OFDM modulation,On the existence and construction of good codes with low peak-to-average power ratios,Upper-bounding the capacity of optical IM/DD channels with multiple-subcarrier modulation and fixed bias using trigonometric moment space method,Protocol configuration and verification of an adaptive error control scheme over analog cellular networks,OFDM/FM frame synchronization for mobile radio data communication,Multicarrier modulation for narrowband PCS,Multitone spread spectrum multiple access communications system in a multipath Rician fading channel,Line-of-sight indoor radio communication using circular polarized waves,Group 3 error-free facsimile terminal for analog cellular networks,Effects of polarization antenna directivity and room size on delay spread in LOS indoor radio channel,Time-frequency-code slicing: efficiently allocating the communications spectrum to multirate users
Using spin images for efficient object recognition in cluttered 3D scenes,"A. E. Johnson, M. Hebert, ",1999,1067
Blind adaptive multiuser detection,"M. Honig, U. Madhow, S. Verdu, ",1995,1054,Low-complexity ad-hoc non-linearities for blind multiuser detection of long-code code-division multiple access signals and asymptotic performance evaluation,Performance of linear minimum-output energy receiver for self and alien crosstalk mitigation in upstream vectored very high-speed digital subscriber line,Blind joint estimation of channel order and the number of active users in direct sequence code-division multiple-access multi-path channels,Low-complexity variable forgetting factor mechanisms for adaptive linearly constrained minimum variance beamforming algorithms,A rate-splitting approach to the Gaussian multiple-access channel,Probability of error in MMSE multiuser detection,A linear receiver for direct-sequence spread-spectrum multiple-access systems with antenna arrays and blind adaptation,Blind multiuser detection: a subspace approach,Detection of stochastic processes,Fading channels: information-theoretic and communications aspects,Linear multiuser receivers: effective interference effective bandwidth and user capacity,Linear multiuser receivers in random environments,On the relative error probabilities of linear multiuser detectors,Output MAI distributions of linear MMSE multiuser receivers in DS-CDMA systems,Iterative construction of optimum signature sequence sets in synchronous CDMA systems,A generalized minimum-mean-output-energy strategy for CDMA systems with improper MAI,Bit error probability analysis for FRAMES WCDMA downlink receivers,Orthogonalizing matched filtering (OMF) detector for DS-CDMA mobile communication systems,Blind adaptive energy estimation for decorrelating decision-feedback CDMA multiuser detection using learning-type stochastic approximations,Adaptive multiuser detection and beamforming for interference suppression in CDMA mobile radio systems,Auxiliary-vector filters and adaptive steering for DS/CDMA single-user detection,Decision-feedback blind adaptive multiuser detector for synchronous CDMA system,A new blind adaptive interference suppression scheme for acquisition and MMSE demodulation of DS/CDMA signals,Simultaneous suppression of multiaccess and narrow-band interference in asynchronous CDMA networks,A two-stage decorrelating detector for DS/CDMA systems,Advanced blind adaptive multi-user detector for communications in nonstationary multipath fading channel,Single-antenna blind receiver for multiuser detection in unknown correlated noise,Wide-band CDMA for the UMTS/IMT-2000 satellite component,Finite memory-length linear multiuser detection for asynchronous CDMA communications,Capacity of the linear decorrelating detector for QS-CDMA
Image information and visual quality,"H. R. Sheikh, A. C. Bovik, ",2006,1053,Objective method to provide ground truth for IQA research,Full-reference image quality assessment using statistical local correlation,Image quality assessment based on complementary local feature extraction and quantification,Image fusion-based video deraining using sparse representation,Image quality assessment employing joint structure-colour histograms as quality-aware features,Fitting-based optimisation for image visual salient object detection,Is there a relationship between peak-signal-to-noise ratio and structural similarity index measure?,Image fusion using multiscale edge-preserving decomposition based on weighted least squares filter,Single-frame image super-resolution inspired by perceptual criteria,Speckle reduction method for thyroid ultrasound images in neutrosophic domain,Analysis and design of coded apertures for defocus deblurring based on imaging system properties and optical features,Hybrid NSS features for no-reference image quality assessment,Quality index evaluation of videos based on fuzzy interface system,Quality assessment of a stereo pair formed from decoded and synthesized views using objective metrics,A study on the relationship between depth map quality and the overall 3D video quality of experience,Objective quality measures comparison of impaired 3D video sequences from the UC3D database,Video authentication in digital forensic,Mean Deviation Similarity Index: Efficient and Reliable Full-Reference Image Quality Evaluator,Performance Evaluation of Visual Tracking Algorithms on Video Sequences With Quality Degradation,Modeling the Perceptual Quality of Stereoscopic Images in the Primary Visual Cortex,Audio-Visual Multimedia Quality Assessment: A Comprehensive Survey,Universal no reference image quality assessment metrics based on local dependency,On the use of image quality estimators for improved JPEG2000 coding,Making image quality assessment robust,Perceptual evaluation of image denoising algorithms,Regularization parameter trimming for iterative image reconstruction,A Reduced Reference Image Quality assessment for Multiply Distorted Images,Toward a universal learning-based image quality metric with reference for stereoscopic images,Image Quality Assessment: an Overview and some Metrological Considerations,Performance analysis of H.264 H.265 VP9 and AV1 video encoders
An overview of MIMO communications - a key to gigabit wireless,"A. J. PAULRAJ, D. A. GORE, R. U. NABAR, H. BOLCSKEI, ",2004,1053,Performance analysis of adaptive modulation and transmit antenna selection with channel prediction errors and feedback delay,Two cooperative multicast schemes of scalable video in relay-based cellular networks,Filter-and-forward transceiver design for cognitive two-way relay networks,Measurements of MIMO capacity at 1800 MHZ with in- and outdoor transmitter locations,Estimated capacities for a multiple input multiple output system based on outdoor to indoor channel measurements,Initial Results of Multielement Antenna Performance in 5.85 GHz Vehicle-to-Vehicle Scenarios,Initial Results of Multielement Antenna Performance in 5.85 GHz Vehicle-to-Vehicle Scenarios,Application of MIMO theory to the analysis of broadband fixed wireless access diversity systems above 10GHz,Design of dual-band B-shaped monopole antenna for MIMO application,Exploiting ADS-arrays for the synthesis of MIMO systems,Real-time Millimeter-Wave MIMO channel measurements,Capacity measurement of multiple antenna systems for Car to Car communication,A pattern diversity antenna with decoupling ports for LTE mobile phone,A 1.5 Ghz VLIW DSP CPU with Integrated Floating Point and Fixed Point Instructions in 40 nm CMOS,A comparison of precoding techniques for the dual polarised land mobile satellite channel,Spatial channel and system characterization,Channel auto-correlation and Doppler spectrum of MIMO systems using circular array,Spectral efficient compressive transmission framework for wireless communication systems,Interference cancellation and alignment techniques for multiple-input and multiple-output cognitive relay networks,Rate Maximization for Downlink Multiuser Visible Light Communications,Secure Cooperative Transmission Against Jamming-Aided Eavesdropper for ARQ Based Wireless Networks,5G Terrestrial Networks: Mobility and Coverage—Solution in Three Dimensions,Two Decades of MIMO Design Tradeoffs and Reduced-Complexity MIMO Detection in Near-Capacity Systems,Downlink Scheduling and Resource Allocation for 5G MIMO-Multicarrier: OFDM vs FBMC/OQAM,On Simultaneous Wireless Information and Power Transfer for Receive Spatial Modulation,State-of-the-Art Design of Index Modulation in the Space Time and Frequency Domains: Benefits and Fundamental Limitations,Orbital-Angular-Momentum Embedded Massive MIMO: Achieving Multiplicative Spectrum-Efficiency for mmWave Communications,Space division competitive access for infrastructured wireless mesh networks,Reduced Complexity MIMO MMSE-DFE,Frame Error Rate Analysis of Coded MIMO Systems with Spatial Multiplexing
MMSE interference suppression for direct-sequence spread-spectrum CDMA,"U. Madhow, M. L. Honig, ",1994,1042,Soft-decoder feedback aided space-time processing in multiuser interference suppression,Effect of time-varying user population on the performance of the adaptive combined space-time receiver for DS-CDMA systems,CDMA packet recognition and signal acquisition using LMS-based adaptive receiver,Performance analysis of Volterra-based nonlinear blind multiuser detector for DS-CDMA systems,A low complexity MMSE-RAKE receiver in a realistic UWB channel and in the presence of NBI,Performance evaluation of the S(2) short scrambling code based multiuser detection in asynchronous WCDMA systems,Coding across multicodes and time in CDMA systems for dispersive channels,MMSE multiuser detection for CDMA data networks,Improved ISDIC-OSC for parallel interference cancellation,A blind widely linear minimum-output-energy algorithm,Receiver implementation for long codes in 3GPP,Affine projection adaptive algorithm for multiuser MMSE receivers in frequency-selective fading channels for asynchronous W-CDMA systems,Performance of Kalman equalization for the UMT FDD downlink in two-path fading channels,On the Chernoff bound for linear-quadratic receivers,On the spectral efficiency of DS-CDMA with higher order modulation in presence of fading,Blind multiuser receiver design in ISI channels,Hebbian learning based blind adaptive multiuser detection in DS-CDMA systems,Linear Precoding for Downlink MC-CDMA Systems,A Detection Algorithm for MIMO Transmission Using Poly-Diagonalization and Trellis Decoding,Successive Interference Cancellation for DS-CDMA Downlink/Uplink,On the spectral efficiency of MMSE vector precoding,Uplink performance enhancement in cellular networks via a Generalized Network Interference Cancellation scheme,Multistage quasi-orthogonal minimum output energy multiuser detector analysis for turbo coded CDMA systems in frequency-selective fading,Wavelet transform and genetic algorithm based multiuser detectors for asynchronous CDMA,Adaptive Virtual Relaying MIMO Decode and Forward,A robust multi-user detection algorithm under fading channel,Joint Power and Rate Allocation Algorithm with MMSE Receiver for MC-CDMA Systems,Blind Multiuser Detection Using Adaptive Filter,Blind Adaptive Multiuser Detection under Multi-Path Channel,A New Semidefinite Programming Method for Asynchronous Multiuser Detection Problem
