Particle swarm optimization,"J. Kennedy, R. Eberhart, ",1995,14195,Ultra wideband antenna design using discrete Green's functions in conjunction with binary particle swarm optimisation,Multi-static radar power allocation for multi-stage stochastic task of missile interception,Control of IPM Synchronous Generator for Maximum Wind Power Generation Considering Magnetic Saturation,Real Time Implementation of an Artificial Immune System Based Controller for a DSTATCOM in an Electric Ship Power System,Hardware Implementation of an AIS-Based Optimal Excitation Controller for an Electric Ship,Particle swarm optimization - mass-spring system analogon,Use of intelligent-particle swarm optimization in electromagnetics,A novel ecological-biological-behavior praticle swarm optimization for Ackley's function,Improved Particle Swarm Optimization approach of PID controller design for machine tool positioning,A proposal for improved Particle Swarm Optimization,A novel building cooling load prediction based on SVR and SAPSO,Real-Time Face Reconstruction from a Single Depth Image,Learning to Navigate the Energy Landscape,Convergence of Vectors in Paired Comparison-based Interactive Differential Evolution for Creating Scent,Generation of Appropriate User Chord Development Based on Interactive Genetic Algorithm,Parallel Swarm Intelligence for VANETs Optimization,Improving Particle Swarm Optimization Algorithm for Distributed Sensing and Search,The particle swarm - explosion stability and convergence in a multidimensional complex space,A particle swarm optimization for reactive power and voltage control considering voltage security assessment,A modified DE: Population or generation based levy flight differential evolution (PGLFDE),Development of a Grey Wolf Optimizer Toolkit in LabVIEW<sup>™</sup>,Optimization of PID controller with first order noise filter,Training feedforward neural networks using hybrid flower pollination-gravitational search algorithm,Test case selection and prioritization using cuckoos search algorithm,Modeling identification of power plant thermal process based on PSO algorithm,Hammerstein and Wiener nonlinear models identification using a multimodal particle swarm optimizer,A particle swarm optimization approach for automatic diagnosis of PMSM stator fault,Modified particle swarm optimization algorithm for steelmaking charge plan with unknown charge number,A novel training algorithm in ANFIS structure,Adaptive Particle Swarm Optimization Algorithm for Power System Reactive Power Optimization
Identification and control of dynamical systems using neural networks,"K. S. Narendra, K. Parthasarathy, ",1990,4875,Stable adaptive output feedback controller for a class of uncertain non-linear systems,Adaptive multi-dimensional Taylor network tracking control for SISO uncertain stochastic non-linear systems,Review on model reference adaptive system for sensorless vector control of induction motor drives,Artificial neural network-based modelling of compensated multi-crystalline solar-grade silicon under wide temperature variations,A Resetting Neuro-Controller in the Presence of Unmodeled Dynamics,Adaptive Neuro-Fuzzy Control of Non-Affine Nonlinear Systems,Meta-Learning for Adaptive Identification of Non-Linear Dynamical Systems,Real-Time Implementation of Intelligent Modeling and Control Techniques on a PLC Platform,Neural network control of functional neuromuscular stimulation systems: computer simulation studies,Linear and nonlinear ARMA model parameter estimation using an artificial neural network,Adaptive control of arterial blood pressure with a learning controller based on multilayer neural networks,Neural predictive controller for insulin delivery using the subcutaneous route,Optimization using neural networks,Approximation dimension reduction and nonconvex optimization using linear superpositions of Gaussians,A neural network approach for identification and fault diagnosis on dynamic systems,ADC neural modeling,Error compensation of A/D converters using neural networks,Neural networks and pseudo-measurements for real-time monitoring of distribution systems,Experimental neural networks for prediction and identification,On-line fault detection and diagnosis obtained by implementing neural algorithms on a digital signal processor,Case study of the predictive models used for stability improvement of the DC voltage reference source,A neural network approach for the solution of electric and magnetic inverse problems,Neural network controller characteristics with regard to adaptive control,Learning piecewise control strategies in a modular neural network architecture,Direct control and coordination using neural networks,Toward intelligent flight control,Adaptive control of unknown plants using dynamical neural networks,Reinforcement learning for the adaptive control of nonlinear systems,A recurrent neural net approach to one-step ahead control problems,Filtering prediction and learning properties of ECE neural networks
"Petri nets: Properties, analysis and applications","T. Murata, ",1989,4708,Integrated modelling of medical emergency response process for improved coordination and decision support,Region minimised monitor design for deadlock-prevention of S<sup>4</sup>PR nets,Runway incursion prevention method based on a discrete object sensing event-driven model,Railway infrastructure asset management: the whole-system life cost analysis,Using CSTPNs to model traffic control CPS,IEC 61131-3 Compliant Control Code Generation from Discrete Event Models,Petri Net Modeling of Routing and Operation Flexibility in Production Systems,An Intelligent Architecture for Integrated Control and Asset Management for Industrial Processes,A subject-indexed bibliography of discrete event dynamic systems,Discrete event and hybrid systems in robotics and automation: an overview,Stochastic well-formed colored nets and symmetric modeling applications,Complete decomposition of stochastic Petri nets representing generalized service networks,Complete decomposition of stochastic Petri nets representing generalized service networks,Phased logic: supporting the synchronous design paradigm with delay-insensitive circuitry,Synthesis of hazard-free asynchronous circuits based on characteristic graph,Deriving Petri nets from finite transition systems,Symbolic analysis of bounded Petri nets,Introducing discrete-event control concepts and state-transition methodology into control system curricula,Modeling the enterprise engineering environment,Use of Petri nets for resource allocation in projects,A specification-driven architectural design environment,Modular transformation methods for generalized Petri nets and their application to automated manufacturing systems,A review of synthesis techniques for Petri nets with applications to automated manufacturing systems,Petri net synthesis and analysis of a flexible manufacturing system cell,Fault detection/monitoring using time Petri nets,Modeling analysis and simulation of failures in a materials handling system with extended Petri nets,A Petri net model for temporal knowledge representation and reasoning,On the reachability and reversibility problems in a class of Petri nets,Parameterized Petri nets and their application to planning and coordination in intelligent systems,The dynamic flowgraph methodology for assessing the dependability of embedded software systems
A model of saliency-based visual attention for rapid scene analysis,"L. Itti, C. Koch, E. Niebur, ",1998,4146,Single-image blind deconvolution using gradient saliency map,Image salient region detection based on the learning of feature distribution,Fuzzy treatment of surroundedness based object detection,Informative sequential selection of variable-sized patches for image retrieval,Fixation prediction through multimodal analysis,Visual attention on human face,Saliency-guided object proposal for refined salient region detection,Visual attention analysis and prediction on human faces with mole,Investigation of mobile surroundings for visual attention based on image perception model,Saliency analysis and region of interest detection via orientation information and contrast feature in remote sensing images,Saliency change based reduced reference image quality assessment,Real-time salient object detection engine for high definition videos,The brain mimicking Visual Attention Engine: An 80×60 digital Cellular Neural Network for rapid global feature extraction,Gaze prediction using machine learning for dynamic stereo manipulation in games,Level of Realism for Serious Games,Object detection based on saliency map using reference image containing complex background,Segmentation of Salient Regions in Outdoor Scenes Using Imagery and 3-D Data,Likelihood Map Fusion for Visual Object Tracking,Medical volume image summarization,Saliency retargeting: An approach to enhance image aesthetics,Saliency detection based on proto-objects and topic model,A random center surround bottom up visual attention model useful for salient region detection,Predicting human gaze using quaternion DCT image signature saliency and face detection,Automatic region-of-interest detection and prioritisation for visually optimised coding of low bit rate videos,Visual Saliency Models Based on Spectrum Processing,Fast Approximate Matching of Videos from Hand-Held Cameras for Robust Background Subtraction,Learning an Aesthetic Photo Cropping Cascade,Egocentric Field-of-View Localization Using First-Person Point-of-View Devices,Fixation prediction with a combined model of bottom-up saliency and vanishing point,Unsupervised saliency estimation based on robust hypotheses
An introduction to computing with neural nets,"R. Lippmann, ",1987,3913,Moisture Effects in Soils Using a Frequency Domain Metal Detector,A reconfigurable WSI neural network,Researching the feed-orward neural network by using the piecewise linear division (PLD),An Improved BP Algorithm Based on the Nonlinear Least Square Method and Application in Congestion Control,Texture Analysis of Smoke for Real-Time Fire Detection,Neural network for demodulating the output signals of nonlinear systems with memory,A multi-input power system stabilizer based on artificial neural networks,Speech recognition techniques using RBF networks,Clustering of crop phenotypes by means of hyperspectral signatures using artificial neural networks,A Ultra-Wideband Location Algorithm Based on Neural Network,Recognition of the state of mind using Hamming Swarm Net,Machine learning techniques for Mobile Intelligent Systems: A study,An investigation of using Neuro-Fuzzy with software size estimation,Simulation metamodels,A case study examining the impact of factor screening for Neural Network metamodels,Impacts of application lookahead on distributed network emulation,Critical Infrastructure network analysis enabled by simulation metamodeling,Adaptive filters in digital transmission based on improved LMS algorithm,Defects pattern recognition for flip-chip solder joint quality inspection with laser ultrasound and Interferometer,A Neural-Network Approach for Defect Recognition in TFT-LCD Photolithography Process,I/sub DD/ pulse response testing on analog and digital CMOS circuits,i/sub DD/ pulse response testing applied to complex CMOS ICs,Learning and optimization using the clonal selection principle,Coevolution versus self-play temporal difference learning for acquiring position evaluation in small-board go,Classification of power distribution system fault currents using wavelets associated to artificial neural networks,Fuzzy min-max neural networks - Part 2: Clustering,Self-organization for object extraction using a multilayer neural network and fuzziness measures,A new fuzzy cover approach to clustering,Theta-Fuzzy Associative Memories (Theta-FAMs),Arctic sea ice cloud water and lead classification using neural networks and 1.6-/spl mu/m data
A new optimizer using particle swarm theory,"R. Eberhart, J. Kennedy, ",1995,3871,Robust Optimization in HTS Cable Based on DEPSO and Design for Six Sigma,Design of an alpha-beta filter by combining fuzzy logic with evolutionary methods,Optimal trajectory generation of launch vehicle using PSO algorithm,Optimization of PID controller with first order noise filter,Multiple UAV path planning using anytime algorithms,A new technique to optimize single neuron models using experimental spike train data,Particle Swarm Optimization of Matsuoka's oscillator parameters in human-like control of rhythmic movements,A wind farm active power dispatch strategy for fatigue load reduction,Clustering Hierarchy Protocol in Wireless Sensor Networks Using an Improved PSO Algorithm,Capacity Prognostics of Lithium-Ion Batteries using EMD Denoising and Multiple Kernel RVM,Self-Adaptive Gravitational Search Algorithm With a Modified Chaotic Local Search,Self-Organizing Hierarchical Particle Swarm Optimization of Correlation Filters for Object Recognition,Influence Maximization-Cost Minimization in Social Networks Based on a Multiobjective Discrete Particle Swarm Optimization Algorithm,An Adaptive SVR for High-Frequency Stock Price Forecasting,Optimal Design of PID-Based Low-Pass Filter for Gas Turbine Using Intelligent Method,Current/voltage ripple minimization of DC/DC interface system for renewable energies,Continuous emotion recognition using a particle swarm optimized NARX neural network,Acoustic model topology optimization using evolutionary methods,A particle swarm optimization-least mean squares algorithm for adaptive filtering,Comparison of Cat Swarm Optimization with particle swarm optimization for IIR system identification,Conjointly well localized modulated lapped orthogonal transforms,A two stage learning technique for dual learning in the pursuit-evasion differential game,Considering the series compensation in optimal coordination of directional overcurrent protections using PSO technique,A Methodology for Optimum Sensor Localization/Selection in Fault Diagnosis,Concept development of a multi-vehicle system for an operationally responsive mission,Adaptive Formation Control and Bio-inspired Optimization of a Cluster-based Satellite Wireless Sensor Network,Self-Scaling Evolution of analog computation circuits with digital accuracy refinement,Optimizing Fuzzy K-means for network anomaly detection using PSO,GPSO: An improved search algorithm for resource allocation in cloud databases,Improved Particle Swarm Optimization Algorithm Based on Social Psychology
The self-organizing map,"T. Kohonen, ",1990,3118,Method for estimating the energy consumption of electric vehicles and plug-in hybrid electric vehicles under real-world driving conditions,Short-term wind power forecasting and uncertainty analysis using a hybrid intelligent method,Self-organizing map in recognition of topographic patterns of EEG spectra,Morphological feature extraction for the classification of digital images of cancerous tissues,A patient-adaptable ECG beat classifier using a mixture of experts approach,Unsupervised pattern recognition for the classification of EMG signals,A brain-controlled switch for asynchronous control applications,Competitive learning algorithms and neurocomputer architecture,PD pattern recognition with neural networks using the multilayer perceptron technique,Detection and classification of buried dielectric anomalies using neural networks-further results,Vector quantization for texture classification,Toward intelligent flight control,Anticipation-based temporal pattern generation,A neural network approach to photometric stereo inversion of real-world reflectance maps for extracting 3-D shapes of objects,Visualization of multidimensional shape and texture features in laser range data using complex-valued Gabor wavelets,A self-organizing switched-capacitor neural network,Hierarchical GTM: constructing localized nonlinear projection manifolds in a principled way,Automatic initial estimation of the left ventricular myocardial midwall in emission tomograms using Kohonen maps,Filtering for texture classification: a comparative study,Data compression and local metrics for nearest neighbor classification,Online and off-line handwriting recognition: a comprehensive survey,A neural network classifier based on Dempster-Shafer theory,Adaptive behavior navigation of a mobile robot,A new algorithm for Kohonen layer learning with application to power system stability analysis,Discrete vector quantization for arbitrary distance function estimation,Multiple competitive learning network fusion for object classification,A survey of fuzzy clustering algorithms for pattern recognition. I,A survey of fuzzy clustering algorithms for pattern recognition. II,Designing syntactic pattern classifiers using vector quantization and parametric string editing,Test feature classifiers: performance and applications
Training feedforward networks with the Marquardt algorithm,"M. T. Hagan, M. B. Menhaj, ",1994,3047,Improved artificial neural network RF noise model for MOSFETs operating in avalanche region,Development of thermistor signal conditioning circuit using artificial neural networks,Artificial Neural Network Based Adaptive Load Shedding for an Industrial Cogeneration Facility,Design of Optimal Coasting Speed for MRT Systems Using ANN Models,Calibrating an industrial microwave six-port instrument using the artificial neural network technique,A novel method for reducing the dimensionality in a sensor array,The human-based multisensor fusion method for artificial nose and tongue sensor data,Mixed neural-conventional processing to differentiate airway diseases by means of functional noninvasive tests,3-D finite-element analysis of eddy-current evaluation of curved plates,The design and performance of a neural network for predicting turbo decoding error with application to hybrid ARQ protocols,A continually online-trained neural network controller for brushless DC motor drives,Online identification and control of a DC motor using learning adaptation of neural networks,Transformer top-oil temperature modeling and simulation,Adaptive tracking controller for induction motor drives using online training of neural networks,Online training of parallel neural network estimators for control of induction motors,Multigradient: a new neural network learning algorithm for pattern classification,Oil well diagnosis by sensing terminal characteristics of the induction motor,Feature extraction and classification of dynamic contrast-enhanced T2*-weighted breast image data,An artificial-intelligence approach to ECG analysis,Neural networks for classification: a survey,Development and implementation of neural network observers to estimate the state vector of a synchronous generator from on-line operating data,Neural network based modeling of a large steam turbine-generator rotor body parameters from on-line disturbance data,Prediction of top-oil temperature for transformers using neural networks,Extended least squares based algorithm for training feedforward networks,Advanced neural-network training algorithm with reduced complexity based on Jacobian deficiency,Simulated annealing and weight decay in adaptive learning: the SARPROP algorithm,A neural approach for control of nonlinear systems with feedback linearization,Design of neural networks for fast convergence and accuracy: dynamics and control,Feedforward networks training speed enhancement by optimal initialization of the synaptic coefficients,A general backpropagation algorithm for feedforward neural networks learning
Cellular neural networks: theory,"L. O. Chua, L. Yang, ",1988,3027,CNN universal chips crank up the computing power,TOPS information processing on a single chip,In the blink of a silicon eye,A deterministic built-in self-test generator based on cellular automata structures,A CNN-based passive optical range finder for real-time robotic applications,A cellular neural network for packet selection in a fast packet switching fabric with input buffers,Stability of a class of nonreciprocal cellular neural networks,High-order absolutely stable neural networks,A chaotic attractor with cellular neural networks,A CNN chip for connected component detection,CNN cloning template: connected component detector,CNN cloning template: hole-filler,CNN cloning template: shadow detector,The CCD neural processor: a neural network integrated circuit with 65536 programmable analog synapses,On a class of nonsymmetrical neural networks with application to ADC,Cellular neural networks: applications,Stability of cellular neural networks with opposite-sign templates,Comments with reply on Chaos from third-order phase-locked loops with a slowly varying parameter by Y.-H. Chu et al,A simple algorithm for finding all solutions of piecewise-linear networks,An analytic method for designing simple cellular neural networks,On the analysis of neural networks with asymmetric connection weights or noninvertible transfer functions,Cellular neural network for automated detection of geological lineaments on Radarsat images,Qualitative limitations incurred in implementations of recurrent neural networks,Associative memories via artificial neural networks,Adaptive control and synchronization of uncertain unified chaotic system by cellular neural networks,Smart-pixel cellular neural networks in analog current-mode CMOS technology,Shunting neural network photodetector arrays in analog CMOS,A programmable analog cellular neural network CMOS chip for high speed image processing,Operational transconductance amplifier-based nonlinear function syntheses,Office of Naval Research contributions to neural networks and signal processing in oceanic engineering
Statistical pattern recognition: a review,"A. K. Jain, R. P. W. Duin, Jianchang Mao, ",2000,2665,On classifiers for blind feature-based automatic modulation classification over multiple-input–multiple-output channels,Morphological mapping for non-linear dimensionality reduction,Unsupervised feature selection based on spectral regression from manifold learning for facial expression recognition,Handwritten numeral recognition using non-redundant Stockwell transform and bio-inspired optimal zoning,Thresholding method for dimensionality reduction in recognition systems,Mean shift: a robust approach toward feature space analysis,Content-based image retrieval at the end of the early years,Complexity measures of supervised classification problems,Unsupervised learning of finite mixture models,Clustering in image space for place recognition and visual annotations for human-robot interaction,Three-dimensional computer-aided diagnosis scheme for detection of colonic polyps,Automatic detection of abnormalities in chest radiographs using local texture analysis,An overview of character recognition focused on off-line handwriting,Knowledge management tutorial: an editorial overview,A review of speech-based bimodal recognition,/spl mu/ARTMAP: use of mutual information for category reduction in Fuzzy ARTMAP,Subspace information criterion for nonquadratic regularizers-Model selection for sparse regressors,Image classification for content-based indexing,On-board selection of relevant images: an application to linear feature recognition,Information-Theoretic Feature Selection for Classification,Automatic Target Recognition in Synthetic Aperture Radar Imagery: A State-of-the-Art Review,MLP Neural Network Based Gas Classification System on Zynq SoC,Content Centric Network With Label Aided User Modeling and Cellular Partition,A Respiration-Derived Posture Method Based on Dual-Channel Respiration Impedance Signals,Rolling Bearing Fault Diagnosis Using Modified LFDA and EMD With Sensitive Feature Selection,A Nuclear Norm Based Matrix Regression Based Projections Method for Feature Extraction,Universal no reference image quality assessment metrics based on local dependency,Discriminative model selection for Gaussian mixture models for classification,Classification Based on Boolean Algebra and Its Application to the Prediction of Recurrence of Liver Cancer,A Real Helper Data Scheme
The Laplacian Pyramid as a Compact Image Code,"P. Burt, E. Adelson, ",1983,2639,A Research of Multiresolution Image Sequence Coding System Based on Wavelet Transform,Practical Quality Assessment for Digitized Film Content,Channel-Compatible 6-MHz HDTV Distribution Systems,Practical Quality Assessment for Digitized Film Content,Multi-focus image fusion based on multi-scale focus measures and generalized random walk,Full-focused image fusion in the presence of noise,Band level fusion using quaternion representation for extended multi-spectral face recognition,Fractional order method of image keypoints detection,Channel-Compatible 6-MHz HDTV Distribution Systems,Digital Television Broadcasting: Nondisruptive Improvement over Time,The Binomial QMF-Wavelet Transform for Multiresolution Signal Decomposition,Framing pyramids,Multiresolution direction filterbanks: theory design and applications,Block-based frequency scalable technique for efficient hierarchical coding,A Higher Density Discrete Wavelet Transform,Computation of the Para-Pseudoinverse for Oversampled Filter Banks: Forward and Backward Greville Formulas,Orthogonal and Biorthogonal FIR Hexagonal Filter Banks With Sixfold Symmetry,Overcomplete Discrete Wavelet Transforms With Rational Dilation Factors,On Bounds of Shift Variance in Two-Channel Multirate Filter Banks,Effortless Critical Representation of Laplacian Pyramid,Multiscale Local Polynomial Smoothing in a Lifted Pyramid for Non-Equispaced Data,Multi-D Wavelet Filter Bank Design Using Quillen-Suslin Theorem for Laurent Polynomials,Oversampled Graph Laplacian Matrix for Graph Filter Banks,A Multiscale Pyramid Transform for Graph Signals,Computational intelligence aspects for defect classification in aeronautic composites by using ultrasonic pulses,Fast multiresolution image operations in the wavelet domain,Efficient example-based painting and synthesis of 2D directional texture,Mixed Media Painting and Portraiture,Interactive Histology of Large-Scale Biomedical Image Stacks,A User-Assisted Approach to Visualizing Multidimensional Images
ANFIS: adaptive-network-based fuzzy inference system,"J. -S. R. Jang, ",1993,2385,Employing locality in the evolutionary generation of fuzzy rule bases,Multiobjective optimization method based on a genetic algorithm for switched reluctance motor design,Artificial intelligence and advanced mathematical tools for power quality applications: a survey,Evolution-based design of neural fuzzy networks using self-adapting genetic parameters,DENFIS: dynamic evolving neural-fuzzy inference system and its application for time-series prediction,A TSK-type recurrent fuzzy network for dynamic systems processing by neural network and genetic algorithms,A recurrent fuzzy-neural model for dynamic system identification,A rule-based fuzzy logic approach for the voltage collapse risk classification,Real-time estimation of multiple series capacitor quantity for transient stability energy margin improvement,Robust fuzzy tree model dealing with unstructured bounded data uncertainties,New membership functions for effective design and implementation of fuzzy systems,Tuning certainty factor and local weight of fuzzy production rules by using fuzzy neural network,The hierarchical expert tuning of PID controllers using tools of soft computing,A multi-step approach for modeling MIMO systems from input-output data,Neuro-fuzzy systems for computer-aided myocardial viability assessment,Adaptive fuzzy coup de fouet based VRLA battery capacity estimation,Intelligent performance management of networks for advanced manufacturing systems,Simulation of robot path planning by 3-dimensional (3D) visualization using neuro fuzzy systems (NFS),Fuzzy logic application to out-of-step protection of generators,A systematic method for fuzzy modeling from numerical data,Parameter optimization for Takagi-Sugeno fuzzy models-lessons learnt,Evolving fuzzy neural networks for supervised/unsupervised online knowledge-based learning,An intelligent control for a crawling unmanned vehicle,Detection and classification of partial discharge using a feature decomposition-based modular neural network,NeuroFAST: on-line neuro-fuzzy ART-based structure and parameter learning TSK model,A systematic neuro-fuzzy modeling framework with application to material property prediction,An approach to neuro-fuzzy filtering for communications and control,Sensorless rotor position estimation algorithm for switched reluctance motors using fuzzy logic,Fuzzy inference system for the characterization of SRM drives under normal and fault conditions,A fuzzy neural approach to localizing holes in conducting plates
Orthogonal least squares learning algorithm for radial basis function networks,"S. Chen, C. F. N. Cowan, P. M. Grant, ",1991,1907,Use of shapley value for selecting centres in RBF neural regressors,Three-phase AC/DC power-flow for balanced/unbalanced microgrids including wind/solar droop-controlled and electronically-coupled distributed energy resources using radial basis function neural networks,Fuzzy unscented transform for uncertainty quantification of correlated wind/PV microgrids: possibilistic–probabilistic power flow based on RBFNNs,Eye interference reduction in electroencephalogram recordings using a radial basic function,Prediction of NSCLC recurrence from microarray data with GEP,Linear and nonlinear ARMA model parameter estimation using an artificial neural network,Neural predictive controller for insulin delivery using the subcutaneous route,Three machine learning techniques for automatic determination of rules to control locomotion,Modeling the relationship between concurrent epicardial action potentials and bipolar electrograms,An orthogonal least squares-based fuzzy filter for real-time analysis of lung sounds,Nonlinear inverse dynamic models of gas sensing systems based on chemical sensor arrays for quantitative measurements,Neural networks for large- and small-signal modeling of MESFET/HEMT transistors,Soft fault detection and isolation in analog circuits: some results and a comparison between a fuzzy approach and radial basis function networks,Neural-network-based inverse-scattering technique for online microwave medical imaging,Optimal design of a coil arrangement for the identification of hidden ferrous objects,Environment-adaptation mobile radio propagation prediction using radial basis function neural networks,Multighost cancellation technique for HDTV systems using a derivation of the OLS learning algorithm,The K1-map reduction for pattern classifications,Radial basis function networks regression weights and the expectation-maximization algorithm,An adaptive fuzzy neural network for MIMO system model approximation in high-dimensional spaces,Simplifying fuzzy rule-based models using orthogonal transformation methods,Fuzzy function approximators with ellipsoidal regions,Dynamic fuzzy neural networks-a novel approach to function approximation,Development of a neural network based algorithm for radar snowfall estimation,Detection of rain/no rain condition on the ground based on radar observations,Retrieval of sea water optically active parameters from hyperspectral data by means of generalized radial basis function neural networks,Adaptive color image processing and recognition for varying backgrounds and illumination conditions,Computer-aided detection of breast cancer nuclei,Applying a robust heteroscedastic probabilistic neural network to analog fault detection and classification,Channel equalization using adaptive complex radial basis function networks
Networks for approximation and learning,"T. Poggio, F. Girosi, ",1990,1671,Neural-Network-Based Contact Force Observers for Haptic Applications,Control of a Speech Robot via an Optimum Neural-Network-Based Internal Model With Constraints,GPU-Accelerated Parallel Hierarchical Extreme Learning Machine on Flink for Big Data,Approximation capabilities of hierarchical hybrid systems,Nonlinear dynamic system identification using Chebyshev functional link artificial neural networks,Reducing SVM classification time using multiple mirror classifiers,Combination of hyperbolic functions for multimodal biometrics data fusion,Robust adaptive neural network control of uncertain nonholonomic systems with strong nonlinear drifts,Framelet Kernels With Applications to Support Vector Regression and Regularization Networks,Multiview Face Recognition: From TensorFace to V-TensorFace and K-TensorFace,Fusion of soft computing and hard computing in industrial applications: an overview,Knowledge bounded least squares method for the identification of fuzzy systems,Generalized sampling: a variational approach .I. Theory,Statistical analysis for multiplicatively modulated nonlinear autoregressive model and its applications to electrophysiological signal analysis in humans,Estimation and Model Selection for an IDE-Based Spatio-Temporal Model,Nonlinear System Identification: An Effective Framework Based on the Karhunen–LoÈve Transform,Adaptive Interpolation Based on PÓlya Frequency Functions,Online Implementation of Local Linear Neuro-fuzzy Technique on Partially Simulated Reaction Process,Joint object recognition and pose estimation using a nonlinear view-invariant latent generative model,Application of normalized RBF neural network to real-time VEP signal detection in noise,Non-parametric generation techniques of example-based human facial sketch,An Algorithm of Wavelet Network Learning from Noisy Data,Data Fusion Algorithm based on Functional Link Artificial Neural Networks,Using support vector machine to predict consumers’ repurchase behavior,Nonlinear time series forecasting with dynamic RBF neural networks,Fault feature extraction of rotating machinery based on wavelet transform and Self-organizing map network,Learning and recognition of 3D objects from appearance,Object recognition using steerable filters at multiple scales,Adaptive wavelet neural network for prediction of hourly NO/sub X/ and NO/sub 2/ concentrations,Local Minimax Learning of Functions With Best Finite Sample Estimation Error Bounds: Applications to Ridge and Lasso Regression Boosting Tree Learning Kernel Machines and Inverse Problems
An introduction to kernel-based learning algorithms,"K. -R. Muller, S. Mika, G. Ratsch, K. Tsuda, B. Scholkopf, ",2001,1655,Online learning in L<sup>2</sup> space with multiple Gaussian kernels,Bank Customer Churn Prediction Based on Support Vector Machine: Taking a Commercial Bank's VIP Customer Churn as the Example,Fault Detection in Distributed Climate Sensor Networks Using Dynamic Bayesian Networks,Fuzzy clustering in high-dimensional approximated feature space,Supervised Gabor-Based Kernel Locality Preserving Projections for Face Recognition,When brain and behavior disagree: Tackling systematic label noise in EEG data with machine learning,Interactive Semi-Supervised Learning for Microarray Analysis,Graph Embedding and Extensions: A General Framework for Dimensionality Reduction,A Framework for Image Segmentation Using Shape Models and Kernel Space Shape Priors,MultiK-MHKS: A Novel Multiple Kernel Learning Algorithm,Kernel Entropy Component Analysis,L₂ Kernel Classification,Maximal Linear Embedding for Dimensionality Reduction,Tensor Sparse Coding for Positive Definite Matrices,Real-Time Lexicon-Free Scene Text Localization and Recognition,Artificial neural network and support vector Machine approach for locating faults in radial distribution systems,A Classification-Based Fault Detection and Isolation Scheme for the Ion Implanter,Reducing SVM classification time using multiple mirror classifiers,Robust image segmentation using FCM with spatial constraints based on new kernel-induced distance measure,M-estimator and D-optimality model construction using orthogonal forward regression,Rank-One Projections With Adaptive Margins for Face Recognition,Discriminant Locally Linear Embedding With High-Order Tensor Data,A Volume-Based Heat-Diffusion Classifier,Subject Recognition Based on Ground Reaction Force Measurements of Gait Signals,Framelet Kernels With Applications to Support Vector Regression and Regularization Networks,Support vector machines for quality monitoring in a plastic injection molding process,Classification methods and inductive learning rules: what we may learn from theory,Kernel Ridge Regression with Lagged-Dependent Variable: Applications to Prediction of Internal Bond Strength in a Medium Density Fiberboard Process,An improved training algorithm for nonlinear kernel discriminants,Nonlinear Regularized Wiener Filtering With Kernels: Application in Denoising MEG Data Corrupted by ECG
A general regression neural network,"D. F. Specht, ",1991,1620,Image alignment by parameter hypersurface learning,Blood leakage detection during dialysis therapy based on fog computing with array photocell sensors and heteroassociative memory model,Speaker identification using multimodal neural networks and wavelet analysis,Assessment of inflow and outflow stenoses using big spectral data and radial-based colour relation analysis on in vitro arteriovenous graft biophysical experimental model,Escherichia coli bacteria detection by using graphene-based biosensor,Comparative analysis of soft computing techniques for predicting software effort based use case points,Optimal flow adjustment of veno-venoarterial extracorporeal membrane oxygenation with an adaptive prediction model: cannula sizes screening and pump speeds estimation,Predictable capability control scheme for oxygen-exchange blood flow regulation in an extracorporeal membrane oxygenation system,A neural network approach for identification and fault diagnosis on dynamic systems,ADC neural modeling,Error compensation of A/D converters using neural networks,A self-organizing network for computing a posteriori conditional class probability,Fast neural learning and control of discrete-time nonlinear systems,Multivariate classification through adaptive Delaunay-based C/spl deg/ spline approximation,Mutual information theory for adaptive mixture models,Fuzzy function approximation with ellipsoidal rules,Neural network models for a resource allocation problem,Discrete vector quantization for arbitrary distance function estimation,The Chebyshev-polynomials-based unified model neural networks for function approximation,Intelligent modeling observation and control for nonlinear systems,Robot juggling: implementation of memory-based learning,Autonomous control reconfiguration,A CAD system for the automatic detection of clustered microcalcifications in digitized mammogram films,Fuzzy logic systems for engineering: a tutorial,Global stability of generalized additive fuzzy systems,A log-linearized Gaussian mixture network and its application to EEG pattern classification,Dynamic resource allocation via video content and short-term traffic statistics,Probabilistic design of layered neural networks based on their unified framework,Modular neural networks for MAP classification of time series and the partition algorithm,Unconstrained handwritten numeral recognition based on radial basis competitive and cooperative networks with spatio-temporal feature representation
Neural network-based face detection,"H. A. Rowley, S. Baluja, T. Kanade, ",1998,1546,Banknote portrait detection using convolutional neural network,A colour face image database for benchmarking of automatic face detection algorithms,Image reduction for object recognition,Robust detection and tracking of human faces with an active camera,Face detection and pose alignment using colour shape and texture information,CFBOX/sup TM/: superimposing 3D human face on motion picture,On-line Conservative Learning for Person Detection,Multi-Pose Face Detection with Asymmetric Haar Features,Object detection based on HOG features: Faces and dual-eyes augmented reality,A fast eye location algorithm based on geometric complexity,Efficient and Robust Face Detection from Color Images,Ridgelet and BP neural network based face detection method,Human face detection in color images using skin color and template matching models for multimedia on the Web,Neural network modelling of EDFA,A characterization of visual feature recognition,Actualization of face detection in FPGA using neural network,A fuzzy transform approach to face recognition using new classifiers,Face and eye detection in images using skin color segmentation and circular hough transform,SWU-OFDB: A database for occluded face detection research,A Morphological Neural Network-Based System for Face Detection and Recognition,A New Face Detection Method with GA-BP Neural Network,Multimedia event-based video indexing using time intervals,Recognition of facial expressions and measurement of levels of interest from video,Major Cast Detection in Video Using Both Speaker and Face Information,Discriminant Subspace Analysis: An Adaptive Approach for Image Classification,Robust Multi-Speaker Tracking via Dictionary Learning and Identity Modeling,Noise Robust Face Hallucination via Locality-Constrained Representation,SRLSP: A Face Image Super-Resolution Algorithm Using Smooth Regression With Local Structure Prior,Minimization of Number of Neurons in Voronoi Diagram-Based Artificial Neural Networks,Millimeter-wave active imaging using neural networks for signal processing
Rich Feature Hierarchies for Accurate Object Detection and Semantic Segmentation,"Ross Girshick, Jeff Donahue, Trevor Darrell, Jitendra Malik, ",2014,1531,HS-Nets: Estimating Human Body Shape from Silhouettes with Convolutional Neural Networks,Automatic 3D Car Model Alignment for Mixed Image-Based Rendering,Multiview RGB-D Dataset for Object Instance Detection,Joint Semantic Segmentation and Depth Estimation with Deep Convolutional Networks,Fast Single Shot Detection and Pose Estimation,Object Recognition Using Deep Convolutional Features Transformed by a Recursive Network Structure,Multimodal Gesture Recognition Using 3-D Convolution and Convolutional LSTM,Depth Map Reconstruction for Underwater Kinect Camera Using Inpainting and Local Image Mode Filtering,Tree-Wise Discriminative Subtree Selection for Texture Image Labeling,Stacked Sparse Autoencoder-Based Deep Network for Fault Diagnosis of Rotating Machinery,An Improved Faster R-CNN for Same Object Retrieval,Personalized Image Annotation Using Deep Architecture,An Ensemble Deep Learning Method for Vehicle Type Classification on Visual Traffic Surveillance Sensors,G-CNN: Object Detection via Grid Convolutional Neural Network,Development of Home Intelligent Fall Detection IoT System Based on Feedback Optical Flow Convolutional Neural Network,Cascaded Regional Spatio-Temporal Feature-Routing Networks for Video Object Detection,Dataset Optimization for Real-Time Pedestrian Detection,Analyzing Tongue Images Using a Conceptual Alignment Deep Autoencoder,Fast Fourier Transform Networks for Object Tracking Based on Correlation Filter,Detection of Human Falls on Furniture Using Scene Analysis Based on Deep Learning and Activity Characteristics,Fast and Lightweight Object Detection Network: Detection and Recognition on Resource Constrained Devices,Perceived emotion from images through deep neural networks,Enhanced Camera Capturing Using Object-Detection-Based Autofocus on Smartphones,Enhancing RGB CNNs with depth,Multi-attribute learning for pedestrian attribute recognition in surveillance scenarios,1000fps human segmentation with deep convolutional neural networks,How to initialize the CNN for small datasets: Extracting discriminative filters from pre-trained model,Facial smile detection based on deep learning features,Hierarchical motion evolution for action recognition,Very deep convolutional neural network based image classification using small training sample size
A Fast Learning Algorithm for Deep Belief Nets,"Geoffrey E. Hinton, Simon Osindero, Yee-Whye Teh, ",2006,1503,Fault Diagnosis Based on Improved Deep Belief Network,A Dynamic Data-Driven Fine-Tuning Approach for Stacked Auto-Encoder Neural Network,SpO2 based sleep apnea detection using deep learning,Insider Threat Detection Based on Deep Belief Network Feature Representation,Hybridization of PMF and LSTM for Recommendation of Intelligent Resource,Towards Playing a 3D First-Person Shooter Game Using a Classification Deep Neural Network Architecture,Speaker-Independent Silent Speech Recognition From Flesh-Point Articulatory Movements Using an LSTM Neural Network,Unreliable memory operation on a convolutional neural network processor,A Comparative Study on Handwriting Digit Recognition Using Neural Networks,Learning Feature Representations from Change Dependency Graphs for Defect Prediction,Nonlinear system modeling using convolutional neural networks,Graphic Constellations and DBN Based Automatic Modulation Classification,Speech Quality Assessment Over Lossy Transmission Channels Using Deep Belief Networks,Deep learning for financial time series forecasting in A-Trader system,Variational Autoencoded Regression: High Dimensional Regression of Visual Data on Complex Manifold,A hybrid growing ENFN-based neuro-fuzzy system and its rapid deep learning,Tree Classification in Complex Forest Point Clouds Based on Deep Learning,A Comparative Analysis of Deep Learning Techniques for Sub-Tropical Crop Types Recognition from Multitemporal Optical/SAR Image Sequences,A Robust Restricted Boltzmann Machine for Binary Image Denoising,Intelligent Bearing Fault Diagnosis Method Combining Compressed Data Acquisition and Deep Learning,A 2D Deep Boltzmann Machine for Robust and Fast Vehicle Classification,Fine-Tuning Infinity Restricted Boltzmann Machines,Real-Time Brazilian License Plate Detection and Recognition Using Deep Convolutional Neural Networks,Polarimetrie SAR image classification based on deep belief network and superpixel segmentation,Convolutional neural network based solar photovoltaic panel detection in satellite photos,CCLearner: A Deep Learning-Based Clone Detection Approach,Broad learning system: Feature extraction based on K-means clustering algorithm,Extraction of easily interpretable representation using five-layered autoencoder,Classification of anger emotion using Japanese vowel,A multimodal biometrie system for personal identification based on deep learning approaches
Neural network ensembles,"L. K. Hansen, P. Salamon, ",1990,1437,Robust classification model for PMU-based on-line power system DSA with missing data,Ensembles of radial basis function networks for spectroscopic detection of cervical precancer,Combining multiple neural networks by fuzzy integral for robust classification,On combining classifiers,Optimal linear combination of neural networks for improving classification performance,A handwritten numeral character classification using tolerant rough set,Olfactory classification via interpoint distance analysis,Use of fuzzy-logic-inspired features to improve bacterial recognition through classifier fusion,A visual neural classifier,Robust classification of multispectral data using multiple neural networks and fuzzy integral,From conventional control to autonomous intelligent methods,Speciation as automatic categorical modularization,Evolutionary ensembles with negative correlation learning,A neural network approach to classification of sidescan sonar imagery from a midocean ridge area,Neural networks for classification: a survey,Effectiveness of artificial neural networks for first swing stability determination of practical systems,Sensor registration using neural networks,Multiple network fusion using fuzzy logic,Improving model accuracy using optimal linear combinations of trained neural networks,A review of Bayesian neural networks with an application to near infrared spectroscopy,The pandemonium system of reflective agents,Recognition and pose estimation of unoccluded three-dimensional objects from a two-dimensional perspective view by banks of neural networks,Combinations of weak classifiers,Neural-network classifiers for recognizing totally unconstrained handwritten numerals,Parallel consensual neural networks,Multiobjective genetic algorithm partitioning for hierarchical learning of high-dimensional pattern spaces: a learning-follows-decomposition strategy,Classification of seismic signals by integrating ensembles of neural networks,Critic-driven ensemble classification,Forecasting time series with genetic fuzzy predictor ensemble,An Augmented Reality Question Answering System Based on Ensemble Neural Networks
Gaussian networks for direct adaptive control,"R. M. Sanner, J. -J. E. Slotine, ",1992,1400,Helicopter nonlinear dynamic inversion flight control model design,Robust adaptive controller using universal approximators for nonlinear systems under input constraint,Robust nonlinear adaptive flight control for consistent handling qualities,A Subject-Adaptive Controller for Wrist Robotic Rehabilitation
"Fuzzy basis functions, universal approximation, and orthogonal least-squares learning","L. -X. Wang, J. M. Mendel, ",1992,1384,Adaptive fuzzy sliding mode control for large erection mechanism,Performance comparison of fused soft control/hard observer type controller with hard control/hard observer type controller for switched reluctance motors,Knowledge bounded least squares method for the identification of fuzzy systems,Channel estimation for OFDM systems using adaptive radial basis function networks,Assessment of cloud service provider quality metrics,An adaptive fuzzy logic enhancer for rejection of narrowband interference in DS-spread spectrum,Independent joint adaptive fuzzy control of robot manipulator,Constructive sufficient conditions for fuzzy logic controllers to approximate C/sup 1/ functions,Indirect adaptive fuzzy control of discrete-time nonlinear systems,Comparison and analysis of sufficient conditions for fuzzy systems as universal approximators,Approximation of C/sup 1/ functions and their derivative functions by SISO linear T-S fuzzy systems,Induction motor drives with direct torque control based on adaptive fuzzy control,A model reference adaptive control algorithm for fuzzy dynamic systems,T-S fuzzy system based on multi-resolution analysis and its function approximation,Adaptive Fuzzy Output Tracking Control of Nonlinear Systems via Backstepping,Controller Design for a Class of Nonlinear Systems Based on Fuzzy Hyperbolic Model,Kernel Method for Building Fuzzy Classifiers,Detection Algorithm and Application Based on Work Status Evaluator,Nonlinear system modeling and fault detection method using set membership estimation and T-S fuzzy model,Adaptive Fault-Tolerant Control of Rigid Body Using RBF Neural Networks,Granular Web Shopping Experts,Adaptive least trimmed squares fuzzy neural network,Fuzzy modeling method based on Rectangular Pyramid Fuzzy System,Learning Error Feedback Design of Direct Adaptive Fuzzy Control Systems,Decentralized Fault-Tolerant Control for Satellite Attitude Synchronization,Adaptive Fuzzy Control of a Class of Nonlinear Systems by Fuzzy Approximation Approach,Improved Structure Optimization for Fuzzy-Neural Networks,Fuzzy Logic System-Based Adaptive Fault-Tolerant Control for Near-Space Vehicle Attitude Dynamics With Actuator Faults,Distributive Equations of Fuzzy Implications Based on Continuous Triangular Conorms Given as Ordinal Sums,An Improved Estimation Method for Unmodeled Dynamics Based on ANFIS and Its Application to Controller Design
Cellular neural networks: applications,"L. O. Chua, L. Yang, ",1988,1364,A CNN-based passive optical range finder for real-time robotic applications,On edge and line linking with connectionist models,A cellular neural network for packet selection in a fast packet switching fabric with input buffers,Stability of a class of nonreciprocal cellular neural networks,A chaotic attractor with cellular neural networks,A CNN chip for connected component detection,On a class of nonsymmetrical neural networks with application to ADC,Cellular neural networks: theory,Stability of cellular neural networks with opposite-sign templates,Comments with reply on Chaos from third-order phase-locked loops with a slowly varying parameter by Y.-H. Chu et al,An analytic method for designing simple cellular neural networks,On the analysis of neural networks with asymmetric connection weights or noninvertible transfer functions,Cellular neural network for automated detection of geological lineaments on Radarsat images,Smart-pixel cellular neural networks in analog current-mode CMOS technology,Aspects of systems and circuits for nanoelectronics,Brain-implantable biomimetic electronics as the next era in neural prosthetics,An 0.5-/spl mu/m CMOS analog random access memory chip for TeraOPS speed multimedia video processing,Optimal solutions for cellular neural networks by paralleled hardware annealing,Color image processing in a cellular neural-network environment,A neural-network method for the nonlinear servomechanism problem,Global stability for cellular neural networks with time delay,Basic dynamics from a pulse-coupled network of autonomous integrate-and-fire chaotic circuits,A cellular neural network for clustering-based adaptive quantization in subband video compression,A CDMA communication detector with robust near-far resistance using paralleled array processors,Stability and dynamics of delay-type general and cellular neural networks,The CNN paradigm,On stability of cellular neural networks with delay,Bifurcation and chaos in cellular neural networks,Autowaves for image processing on a two-dimensional CNN array of excitable nonlinear circuits: flat and wrinkled labyrinths,The use of CNN models in the subcortical visual pathway
The Contract Net Protocol: High-Level Communication and Control in a Distributed Problem Solver,"R. G. Smith, ",1980,1357,Causal maps: theory implementation and practical applications in multiagent environments,Formalizing an engineering approach to cooperating knowledge-based systems,On agent-mediated electronic commerce,Distributed and reactive query planning in R-MAGIC: an agent-based multimedia retrieval system,DESP: a distributed economics-based subcontracting protocol for computation distribution in power-aware mobile ad hoc networks,Multiple Traveling Robot Problem: A Solution Based on Dynamic Task Selection and Robust Execution,Cloning Resource Exchange and RelationAdaptation: An Integrative Self-Organisation Mechanism in a Distributed Agent Network,An agent-based approach to reconfiguration of real-time distributed control systems,An architecture for scheduling and control in flexible manufacturing systems using distributed objects,Price-based approach for activity coordination in a supply network,Multi-robot coalition formation,IQ-ASyMTRe: Forming Executable Coalitions for Tightly Coupled Multirobot Tasks,Robust Execution of Service Workflows Using Redundancy and Advance Reservations,Agent-Based Cloud Computing,Automating Cloud Services Life Cycle through Semantic Technologies,Engineering mobile agent applications via context-dependent coordination,Frameworks for Cooperation in Distributed Problem Solving,An Optimization-Based Distributed Planning Algorithm: A Blackboard-Based Collaborative Framework,Holonic Ontology and Interaction Protocol for Manufacturing Network Organization,A Survey of Self-Organization Mechanisms in Multiagent Systems,Intelligent agent based framework for manufacturing systems control,A genetic approach for adaptive multiagent control in heterarchical manufacturing systems,Network-based distributed planning using coevolutionary agents: architecture and evaluation,What planner for ambient intelligence applications?,Agent-based modeling of supply chains for distributed scheduling,Dynamically Integrated Manufacturing Systems (DIMS)—A Multiagent Approach,Due-Date Management Through Iterative Bidding,The Rich Get Richer: Preferential Attachment in the Task Allocation of Cooperative Networked Multiagent Systems With Resource Caching,Agent-Based Interaction Protocols and Topologies for Manufacturing Task Allocation,A New Approach for the Validation of Conceptual Holonic Constructions
Deep Neural Networks for Acoustic Modeling in Speech Recognition: The Shared Views of Four Research Groups,"Geoffrey Hinton, Li Deng, Dong Yu, George E. Dahl, Abdel-rahman Mohamed, Navdeep Jaitly, Andrew Senior, Vincent Vanhoucke, Patrick Nguyen, Tara N. Sainath, Brian Kingsbury, ",2012,1334,Radar HRRP recognition based on discriminant deep autoencoders with small training data size,Speech reconstruction using a deep partially supervised neural network,Speaker verification with short utterances: a review of challenges trends and opportunities,Two-layer discriminative model for human activity recognition,Assessment of PD severity in gas-insulated switchgear with an SSAE,Artificial bandwidth extension using deep neural network-based spectral envelope estimation and enhanced excitation estimation,FPGA-based Acceleration of Deep Neural Networks Using High Level Method,Large-Scale Deep Belief Nets With MapReduce,Big Data Deep Learning: Challenges and Perspectives,Learning Deep Features for DNA Methylation Data Analysis,Hand Gesture Recognition Using Micro-Doppler Signatures With Convolutional Neural Network,Smartphone-Assisted Pronunciation Learning Technique for Ambient Intelligence,Phoneme Classification Using the Auditory Neurogram,Recognizing Emotions From Whispered Speech Based on Acoustic Feature Transfer Learning,DNN Filter Bank Cepstral Coefficients for Spoofing Detection,Enhanced Efficiency 3D Convolution Based on Optimal FPGA Accelerator,Input Layer Regularization of Multilayer Feedforward Neural Networks,Bearing Fault Diagnosis Using Fully-Connected Winner-Take-All Autoencoder,3-D BLE Indoor Localization Based on Denoising Autoencoder,3D Convolutional Neural Networks for Cross Audio-Visual Matching Recognition,Who Used My Smart Object? A Flexible Approach for the Recognition of Users,Hybrid Deep Neural Network--Hidden Markov Model (DNN-HMM) Based Speech Emotion Recognition,Sparse Autoencoder-Based Feature Transfer Learning for Speech Emotion Recognition,Recognition of emotional speech with convolutional neural networks by means of spectral estimates,Deep neural networks for anger detection from real life speech data,Evaluating Multi-Modal Speech Visualization Application for Deaf and Hard of Hearing People,On the interplay of network structure and gradient convergence in deep learning,A case study of speech recognition in Spanish: From conventional to deep approach,Deep neural networks for syllable based acoustic modeling in Chinese speech recognition,Context-dependent deep neural networks for commercial Mandarin speech recognition applications
Extreme Learning Machine for Regression and Multiclass Classification,"Guang-Bin Huang, Hongming Zhou, Xiaojian Ding, Rui Zhang, ",2012,1333,Fuzzy extreme learning machine for classification,Facial age estimation based on advanced ordinal ranking,SAR image segmentation based on analysing similarity with clutter spatial patterns,Automated detection of heart ailments from 12-lead ECG using complex wavelet sub-band bi-spectrum features,Neural class-specific regression for face verification,Indirect measurement and extreme learning machine based modelling for flux linkage of doubly salient electromagnetic machine,Wavelet-based extreme learning machine for distribution grid fault location,Chinese vehicle license plate recognition using kernel-based extreme learning machine with deep convolutional features,Selective harmonic eliminated V/f speed control of single-phase induction motor,Multiclass power quality events classification using variational mode decomposition with fast reduced kernel extreme learning machine-based feature selection,Efficient human motion capture data annotation via multi-view spatiotemporal feature fusion,High-Performance Extreme Learning Machines: A Complete Toolbox for Big Data Applications,Regularized Weighted Circular Complex-Valued Extreme Learning Machine for Imbalanced Learning,An Efficient and Effective Automatic Recognition System for Online Recognition of Foreign Fibers in Cotton,Healthcare Big Data Voice Pathology Assessment Framework,Recognizing Emotions From Whispered Speech Based on Acoustic Feature Transfer Learning,A Jacobian Matrix-Based Learning Machine and Its Applications in Medical Diagnosis,Predicting of Job Failure in Compute Cloud Based on Online Extreme Learning Machine: A Comparative Study,A New Hybrid Intelligent Framework for Predicting Parkinson’s Disease,Incremental and Decremental Extreme Learning Machine Based on Generalized Inverse,Data-Driven Inter-Turn Short Circuit Fault Detection in Induction Machines,Experimental Study on Extreme Learning Machine Applications for Speech Enhancement,Multi-Traffic Scene Perception Based on Supervised Learning,Pedestrian Dead-Reckoning Indoor Localization Based on OS-ELM,Representative Skyline Queries With Total and Partial Order Domains Using US-ELM,Action recognition using completed local binary patterns and multiple-class boosting classifier,Hyperspectral image classification using Gradient Local Auto-Correlations,Power system transient stability assessment based on online sequential extreme learning machine,Relative entropy normalized Gaussian supervector for speech emotion recognition using kernel extreme learning machine,Online sequential-extreme learning machine based detector on training-learning-detection framework
A direct adaptive method for faster backpropagation learning: the RPROP algorithm,"M. Riedmiller, H. Braun, ",1993,1179,Artificial Neural Network Based Adaptive Load Shedding for an Industrial Cogeneration Facility,The forward EEG solutions can be computed using artificial neural networks,Crack detection and recognition using an eddy current differential probe,Automatic analysis of facial expressions: the state of the art,Computer-aided diagnosis: a neural-network-based approach to lung nodule detection,A comparison of linear genetic programming and neural networks in medical data mining,Effects of phenotypic redundancy in structure optimization,Tracing patterns and attention: humanoid robot cognition,Advances in feedforward neural networks: demystifying knowledge acquiring black boxes,Exploiting domain-specific properties: compiling parallel dynamic neural network algorithms into efficient code,Performance evaluation of a sequential minimal radial basis function (RBF) neural network learning algorithm,Learning in the combinatorial neural model,Fast initialization for cascade-correlation learning,Bidirectional recurrent neural networks,Multiple reflection attenuation in seismic data using backpropagation,Optimization of HV electrode systems by neural networks using a new learning method,Neural networks for control,An adaptive critic global controller,An Augmented Reality Question Answering System Based on Ensemble Neural Networks,Audiovisual Detection of Laughter in Human-Machine Interaction,Novel Approaches for Minutiae Verification in Fingerprint Images,On a Successful Application of Multi-Agent Reinforcement Learning to Operations Research Benchmarks,Improved neural fitted Q iteration applied to a novel computer gaming and learning benchmark,A diagnostic approach for electro-mechanical actuators in aerospace systems,Comparison between geometry-based and Gabor-wavelets-based facial expression recognition using multi-layer perceptron,Application of Improved BP Network in the Flaws Evaluation of Conductive Materials,Quantification of Intermarket Influence Based on the Global Optimization and Its Application for Stock Market Prediction,Spiking neural networks for identification and control of dynamic plants,Neural Network Trainer through Computer Networks,Anomaly prediction in seismic signals using neural networks
Simple model of spiking neurons,"E. M. Izhikevich, ",2003,1174,An Extreme Learning Machine-Based Neuromorphic Tactile Sensing System for Texture Recognition,Nonlinear Dynamic Modeling of Synaptically Driven Single Hippocampal Neuron Intracellular Activity,Modeling of Multisensory Convergence with a Network of Spiking Neurons: A Reverse Engineering Approach,Nonlinear Dynamic Modeling of Neuron Action Potential Threshold During Synaptically Driven Broadband Intracellular Activity,Investigating the Neural Correlates of Pathological Cortical Networks in Alzheimer's Disease Using Heterogeneous Neuronal Models,Reduced Computational Models of Serotonin Synthesis Release and Reuptake,Biophysically Accurate Foating Point Neuroprocessors for Reconfigurable Logic,Model Order and Identifiability of Non-Linear Biological Systems in Stable Oscillation,A Neurally Controlled Computer Game Avatar With Humanlike Behavior,Peer-to-Peer Communication in Neuronal Nano-Network,A Novel Hybrid Spiking Neuron: Bifurcations Responses and On-Chip Learning,A Novel PWC Spiking Neuron Model: Neuron-Like Bifurcation Scenarios and Responses,Biologically Inspired Spiking Neurons: Piecewise Linear Models and Digital Implementation,Digital Multiplierless Implementation of Biological Adaptive-Exponential Neuron Model,Digital Multiplierless Realization of Two Coupled Biological Morris-Lecar Neuron Model,A CORDIC Based Digital Hardware For Adaptive Exponential Integrate and Fire Neuron,Scalable Networks-on-Chip Interconnected Architecture for Astrocyte-Neuron Networks,Homeostatic Fault Tolerance in Spiking Neural Networks: A Dynamic Hardware Perspective,Spiking and Bursting in Josephson Junction,Digital Multiplierless Realization of Two-Coupled Biological Hindmarsh–Rose Neuron Model,The neural communication network: A brief review on neuromodeling and neuroengineering,Effect of Transcranial Ultrasonic–Magnetic Stimulation on Two Types of Neural Firing Behaviors in Modified Izhikevich Model,A Structural Variation Classification Model for Image Quality Assessment,Which model to use for cortical spiking neurons?,The role of temporal parameters in a thalamocortical model of analogy,A MOSFET-based model of a class 2 nerve membrane,Learning Anticipation via Spiking Networks: Application to Navigation Control,Self-Sustained Irregular Activity in 2-D Small-World Networks of Excitatory and Inhibitory Neurons,Theoretical Model for Mesoscopic-Level Scale-Free Self-Organization of Functional Brain Networks,Multiagent Reinforcement Learning: Spiking and Nonspiking Agents in the Iterated Prisoner's Dilemma
Wavelet networks,"Q. Zhang, A. Benveniste, ",1992,1167,WN-based approach to melanoma diagnosis from dermoscopy images,Short-term forecasting of available parking space using wavelet neural network model,Hybrid forecasting model-based data mining and genetic algorithm-adaptive particle swarm optimisation: a case study of wind speed time series,A Novel Neuro-Wavelet Based Self-Tuned Wavelet Controller for IPM Motor Drives,Modeling the relationship between concurrent epicardial action potentials and bipolar electrograms,Single-sweep analysis of event-related potentials by wavelet networks-methodological basis and clinical application,Sup-norm approximation bounds for networks through probabilistic methods,Wavelet network-based detection and classification of transients,A wavelet networks-based method for the digital telecommunication system monitoring,Using wavelet neural networks for the optimal design of electromagnetic devices,Wavelet tools for improving the accuracy of neural network solution of electromagnetic inverse problems,Wavelet decomposition and radial basis function networks for system monitoring,The Chebyshev-polynomials-based unified model neural networks for function approximation,Learning methodology for failure detection and accommodation,Classifying biosignals with wavelet networks [a method for noninvasive diagnosis],Neural networks for classification: a survey,Using adaptive networks to model and control drug delivery,Accuracy analysis for wavelet approximations,Multidimensional wavelet frames,Learning algorithms for feedforward networks based on finite samples,Circular backpropagation networks for classification,Using wavelet network in nonparametric estimation,ScaleNet-multiscale neural-network architecture for time series prediction,Bayesian wavelet networks for nonparametric regression,Multiwavelet neural network and its approximation properties,Focused local learning with wavelet neural networks,Wavelet neural networks for function learning,Fast adaptive digital equalization by recurrent neural networks,Density function approximation using reduced sufficient statistics for joint estimation of linear and nonlinear parameters,Orthogonal wavelet neural networks applying to identification of Wiener model
Bidirectional associative memories,"B. Kosko, ",1988,1114,A bidirectional associative memory based on optimal linear associative memory,Timing and chunking in processing temporal order,Toward intelligent flight control,Designing bidirectional associative memories with optimal stability,Optimum learning for bidirectional associative memory in the sense of capacity,Asymmetric bidirectional associative memories,Anticipation-based temporal pattern generation,Stability capacity and statistical dynamics of second-order bidirectional associative memory,Model-base structures to support adaptive planning in command/control systems,Higher-ordered and intraconnected bidirectional associative memories,Real-time applications of neural nets,A switched capacitor bidirectional associative memory,Associative recall using a contraction operator,A heteroassociative memory using current-mode MOS analog VLSI circuits,A unified model for abduction-based reasoning,A deterministic capacity-finding method for multi-valued exponential BAM,Cognitive reasoning using fuzzy neural nets,Capacity analysis of the asymptotically stable multi-valued exponential bidirectional associative memory,Orthogonal schemes for bidirectional associative memories,Data compression by the recursive algorithm of exponential bidirectional associative memory,A general model for bidirectional associative memories,Multi-associative neural networks and their applications to learning and retrieving complex spatio-temporal sequences,A modular T-mode design approach for analog neural network hardware implementations,Complex temporal sequence learning based on short-term memory,Neural networks for fault location in substations,Characteristics of Hebbian-type associative memories having faulty interconnections,Weighted learning of bidirectional associative memories by global minimization,An analog feedback associative memory,A modified bidirectional decoding strategy based on the BAM structure,Performance analysis of the bidirectional associative memory and an improved model from the matched-filtering viewpoint
Backpropagation through time: what it does and how to do it,"P. J. Werbos, ",1990,1100,Using deep learning to detect price change indications in financial markets,Neural networks in control systems,Design of an adaptive power system stabilizer using recurrent neural networks,Long short-term memory based on a reward/punishment strategy for recurrent neural networks,Adjoint Systems for Models of Cell Signaling Pathways and their Application to Parameter Fitting,A method of pattern recognition based upon synthetic technology of fuzzy logic and neural network,Modeling and optimal control of batch processes using recurrent neuro-fuzzy networks,Fuzzy-Based Goal Representation Adaptive Dynamic Programming,Recurrent Neural Networks to Correct Satellite Image Classification Maps,Adaptive-critic-based optimal neurocontrol for synchronous generators in a power system using MLP/RBF neural networks,A Novel System-Centric Intelligent Adaptive Control Architecture for Damping Interarea Mode Oscillations in Power System,Recurrent Neural Networks Trained With Backpropagation Through Time Algorithm to Estimate Nonlinear Load Harmonic Currents,Respiratory Motion Estimation With Hybrid Implementation of Extended Kalman Filter,Precise Positioning of Nonsmooth Dynamic Systems Using Fuzzy Wavelet Echo State Networks and Dynamic Surface Sliding Mode Control,Sparse Coding-Inspired Optimal Trading System for HFT Industry,Time-delay neural network for the prediction of carbonation tower's temperature,Semi-Supervised Deep Learning Using Pseudo Labels for Hyperspectral Image Classification,Unsupervised Hierarchical Modeling of Driving Behavior and Prediction of Contextual Changing Points,Knowledge Graph Embedding: A Survey of Approaches and Applications,Grounded spoken language acquisition: experiments in word learning,EM-based optimization of microwave circuits using artificial neural networks: the state-of-the-art,A recurrent log-linearized Gaussian mixture network,Trajectory generation and modulation using dynamic neural networks,Query-based learning for aerospace applications,Markovian architectural bias of recurrent neural networks,Indirect adaptive control for synchronous Generator: comparison of MLP/RBF neural networks approach with Lyapunov stability analysis,Smooth function approximation using neural networks,Spiking perceptrons,An approximate internal model-based neural control for unknown nonlinear discrete processes,Training Recurrent Neurocontrollers for Robustness With Derivative-Free Kalman Filter
"30 years of adaptive neural networks: perceptron, Madaline, and backpropagation","B. Widrow, M. A. Lehr, ",1990,1096
Going deeper with convolutions,"Christian Szegedy, Wei Liu, Yangqing Jia, Pierre Sermanet, Scott Reed, Dragomir Anguelov, Dumitru Erhan, Vincent Vanhoucke, Andrew Rabinovich, ",2015,1078,Object Recognition Using Deep Convolutional Features Transformed by a Recursive Network Structure,Multilinear Principal Component Analysis Network for Tensor Object Classification,Liver Fibrosis Classification Based on Transfer Learning and FCNet for Ultrasound Images,Facial Expression Recognition From Image Sequence Based on LBP and Taylor Expansion,A Deep Normalization and Convolutional Neural Network for Image Smoke Detection,Nuclear Architecture Analysis of Prostate Cancer via Convolutional Neural Networks,Efficient Stereo Matching Leveraging Deep Local and Context Information,Age Group and Gender Estimation in the Wild With Deep RoR Architecture,An Ensemble Deep Learning Method for Vehicle Type Classification on Visual Traffic Surveillance Sensors,G-CNN: Object Detection via Grid Convolutional Neural Network,BundleNet: Learning with Noisy Label via Sample Correlations,Cascaded Regional Spatio-Temporal Feature-Routing Networks for Video Object Detection,Deep Learning Applications in Medical Image Analysis,Analyzing Tongue Images Using a Conceptual Alignment Deep Autoencoder,Towards Emotionally Aware AI Smart Classroom: Current Issues and Directions for Engineering and Education,Fast Deep Neural Networks With Knowledge Guided Training and Predicted Regions of Interests for Real-Time Video Object Detection,Exploiting Convolutional Neural Networks With Deeply Local Description for Remote Sensing Image Classification,Adaptive Feature Mapping for Customizing Deep Learning Based Facial Expression Recognition Model,Additional feature CNN based automatic target recognition in SAR image,DeepBreath: Deep learning of breathing patterns for automatic stress recognition using low-cost thermal imaging in unconstrained settings,Recognition of emotional speech with convolutional neural networks by means of spectral estimates,Transfer learning for high resolution aerial image classification,Stop line detection and distance measurement for road intersection based on deep learning neural network,Ensemble of binary tree structured deep convolutional network for image classification,Detection of various image operations based on CNN,A deep learning architecture for classifying medical images of anatomy object,Parallel Multi Channel convolution using General Matrix Multiplication,Arabic manuscript author verification using deep convolutional networks,FPGA-based convolution neural network for traffic sign recognition,Neural networks: Efficient implementations and applications
Fuzzy ARTMAP: A neural network architecture for incremental supervised learning of analog multidimensional maps,"G. A. Carpenter, S. Grossberg, N. Markuzon, J. H. Reynolds, D. B. Rosen, ",1992,1066,Application of intelligent tools to detect and classify broken rotor bars in three-phase induction motors fed by an inverter,Fuzzy based methodologies comparison for high-impedance fault diagnosis in radial distribution feeders,PV-Microgrid Operational Cost Minimization by Neural Forecasting and Heuristic Optimization,Classification of cardiac arrhythmias using fuzzy ARTMAP,A computational neural approach to support the discovery of gene function and classes of cancer,Incremental knowledge acquisition in supervised learning networks,Fuzzy inference neural network for fuzzy model tuning,An adaptive neural fuzzy filter and its applications,Neural network models for a resource allocation problem,Fuzzy classifications using fuzzy inference networks,Pattern fusion in feature recognition neural networks for handwritten character recognition,Learning sensor-based navigation of a real mobile robot in unknown worlds,A reinforcement neuro-fuzzy combiner for multiobjective control,A survey of fuzzy clustering algorithms for pattern recognition. I,A survey of fuzzy clustering algorithms for pattern recognition. II,An effective neuro-fuzzy paradigm for machinery condition health monitoring,NeuroFAST: on-line neuro-fuzzy ART-based structure and parameter learning TSK model,Evolving fuzzy neural networks for supervised/unsupervised online knowledge-based learning,A self-organizing neural network for supervised learning recognition and prediction,ART neural networks for remote sensing: vegetation classification from Landsat TM and terrain data,A neural network algorithm for sea ice edge classification,A Gaussian adaptive resonance theory neural network classification algorithm applied to supervised land cover mapping using multitemporal vegetation index data,Classifying multichannel ECG patterns with an adaptive neural network,Learn++: an incremental learning algorithm for supervised neural networks,Hopfield/ART-1 neural network-based fault detection and isolation,ART-EMAP: A neural network architecture for object recognition by evidence accumulation,X-tron: an incremental connectionist model for category perception,A fuzzy ARTMAP nonparametric probability estimator for nonstationary pattern recognition problems,Reinforcement learning for an ART-based fuzzy adaptive learning control network,Incremental backpropagation learning networks
Representation Learning: A Review and New Perspectives,"Yoshua Bengio, Aaron Courville, Pascal Vincent, ",2013,1022,Data driven visual tracking via representation learning and online multi-class LPBoost learning,Video anomaly detection using deep incremental slow feature analysis network,Sample reconstruction with deep autoencoder for one sample per person face recognition,Mid-level deep Food Part mining for food image recognition,Survey on deep learning methods in human action recognition,Extracting statistically significant behaviour from fish tracking data with and without large dataset cleaning,Deep convolutional neural networks for automatic segmentation of left ventricle cavity from cardiac magnetic resonance images,Cognition-Based Networks: A New Perspective on Network Optimization Using Learning and Distributed Intelligence,Location-Aware Personalized News Recommendation With Deep Semantic Analysis,Recognizing Emotions From Whispered Speech Based on Acoustic Feature Transfer Learning,Liver Fibrosis Classification Based on Transfer Learning and FCNet for Ultrasound Images,Machine Learning With Big Data: Challenges and Approaches,Convolutional Neural Networks for Automatic Cognitive Radio Waveform Recognition,Robust Face Super-Resolution via Locality-Constrained Low-Rank Representation,HAST-IDS: Learning Hierarchical Spatial-Temporal Features Using Deep Neural Networks to Improve Intrusion Detection,Deep Learning Applications in Medical Image Analysis,Analyzing Tongue Images Using a Conceptual Alignment Deep Autoencoder,Automatic LPI Radar Waveform Recognition Using CNN,An experimental study of speech emotion recognition based on deep convolutional neural networks,Learning spectro-temporal features with 3D CNNs for speech emotion recognition,Analog Neural Circuit with Switched Capacitor and Design of Deep Learning Model,Recommendation Engine for Online Short Video,Sparse autoencoder based spatial pyramid facial feature learning,On the interplay of network structure and gradient convergence in deep learning,Disentangled representations via synergy minimization,Image ordinal estimation: Classification and regression benefit each other,Hybrid acoustic models for distant and multichannel large vocabulary speech recognition,Stochastic Gradient Variational Bayes for deep learning-based ASR,Exploring ASR-free end-to-end modeling to improve spoken language understanding in a cloud-based dialog system,Machine learning anomaly detection in large systems
Simics: A full system simulation platform,"P. S. Magnusson, M. Christensson, J. Eskilson, D. Forsgren, G. Hallberg, J. Hogberg, F. Larsson, A. Moestedt, B. Werner, ",2002,969,Development of the Temperature Sensor for Measuring Heat Based on the Difference between the Specific Enthalpy,Execution-driven parallel simulation of PGAS applications on heterogeneous tiled architectures,Memory Heat Map: Anomaly detection in real-time embedded systems using memory behavior,On-chip interconnection network for accelerator-rich architectures,A CAM fault-tolerant strategy for multiprocessor by using bloom filter and history lookup table,Spin detection hardware for improved management of multithreaded systems,Extending the TokenCMP Cache Coherence Protocol for Low Overhead Fault Tolerance in CMP Architectures,Dealing with Transient Faults in the Interconnection Network of CMPs at the Cache Coherence Level,Secure Synchronization of Periodic Updates in Ad Hoc Networks,Modeling and Stack Simulation of CMP Cache Capacity and Accessibility,A Direct Coherence Protocol for Many-Core Chip Multiprocessors,Supporting Overcommitted Virtual Machines through Hardware Spin Detection,Communication-Aware Globally-Coordinated On-Chip Networks,Balancing Performance and Cost in CMP Interconnection Networks,Distributed Cooperative Caching: An Energy Efficient Memory Scheme for Chip Multiprocessors,Efficient and Scalable Starvation Prevention Mechanism for Token Coherence,Efficient Eager Management of Conflicts for Scalable Hardware Transactional Memory,Hardware Signature Designs to Deal with Asymmetry in Transactional Data Sets,LvtPPP: Live-Time Protected Pseudopartitioning of Multicore Shared Caches,Improving Utilization of Hardware Signatures in Transactional Memory,Eager Beats Lazy: Improving Store Management in Eager Hardware Transactional Memory,Adaptive-Tree Multicast: Efficient Multidestination Support for CMP Communication Substrate,Fast and Accurate Simulation of the Cray XMT Multithreaded Supercomputer,Architectural Support for Handling Jitterin Shared Memory Based Parallel Applications,Thread Progress Aware Coherence Adaption for Hybrid Cache Coherence Protocols,Extending the Performance and Energy-Efficiency of Shared Memory Multicores with Nanophotonic Technology,ZEBRA: Data-Centric Contention Management in Hardware Transactional Memory,A-WiNoC: Adaptive Wireless Network-on-Chip Architecture for Chip Multiprocessors,Efficient TLB-Based Detection of Private Pages in Chip Multiprocessors,A Loosely-Coupled Full-System Multicore Simulation Framework
