Fault Diagnosis Based on Improved Deep Belief Network,"Tianqi Yang, Shuangxi Huang, ",2017,0
A Cost-Sensitive Deep Belief Network for Imbalanced Classification,"Chong Zhang, Kay Chen Tan, Haizhou Li, Geok Soon Hong, ",2018,0
Aircraft Fault Diagnosis Based on Deep Belief Network,"Hongkai Jiang, Haidong Shao, Xinxia Chen, Jiyang Huang, ",2017,0
Dissolved gas analysis of insulating oil for power transformer fault diagnosis with deep belief network,"Jiejie Dai, Hui Song, Gehao Sheng, Xiuchen Jiang, ",2017,0
Research on fault diagnosis of servo valve based on deep learning,"Jiajia Chai, Xiaobo Jin, ",2017,0
Design and application of unsupervised convolutional neural networks integrated with deep belief networks for mechanical fault diagnosis,"Shuzhi Dong, Zhifen Zhang, Gurangrui Wen, Shuzhi Dong, Zhifen Zhang, Guangrui Wen, ",2017,0
Fault detection and diagnosis based on KPCA-CDBNs model,"Rongyu Li, Jianhua Ni, Ling Qin, Xiao Jian Yang, ",2017,0
Discriminative Deep Belief Networks with Ant Colony Optimization for Health Status Assessment of Machine,"Meng Ma, Chuang Sun, Xuefeng Chen, ",2017,0
Civil aircraft health management research based on big data and deep learning technologies,"Sujie Li, Guigang Zhang, Jian Wang, ",2017,0
Engine components fault diagnosis using an improved method of deep belief networks,"Xue Sen Lin, Ben Wei Li, Xin Yi Yang, ",2016,1,Civil aircraft health management research based on big data and deep learning technologies
Recognizing Farsi numbers utilizing deep belief network and limited training samples,"Firouzeh Razavi, Jalil Nourmohammadi Khiarak, Esmaeil Fakhimi Gheshlagh Mohammad Beig, Samaneh Mazaheri, ",2017,0
Deep Belief Network based state classification for structural health diagnosis,"Prasanna Tamilselvan, Yibin Wang, Pingfeng Wang, ",2012,4,Civil aircraft health management research based on big data and deep learning technologies,Recognizing Farsi numbers utilizing deep belief network and limited training samples
A Dynamic Data-Driven Fine-Tuning Approach for Stacked Auto-Encoder Neural Network,"Szu-Yin Lin, Chi-Chun Chiang, Zih-Siang Hung, Yu-Hui Zou, ",2017,0
SpO2 based sleep apnea detection using deep learning,"Sheikh Shanawaz Mostafa, F&aacute;bio Mendon&ccedil;a, Fernando Morgado-Dias, Antonio Ravelo-Garc&iacute;a, ",2017,0
Single Sensor Techniques for Sleep Apnea Diagnosis Using Deep Learning,"Rahul Krishnan Pathinarupothi, Dhara Prathap J, Ekanath Srihari Rangan, Gopalakrishnan E A, Vinaykumar R, K P Soman, ",2017,0
Insider Threat Detection Based on Deep Belief Network Feature Representation,"Lingli Lin, Shangping Zhong, Cunmin Jia, Kaizhi Chen, ",2017,0
Hybridization of PMF and LSTM for Recommendation of Intelligent Resource,"Huijuan Ye, Xianghan Zheng, Chunming Rong, ",2017,0
Towards Playing a 3D First-Person Shooter Game Using a Classification Deep Neural Network Architecture,"Paulo Bruno S. Serafim, Yuri Lenon Barbosa Nogueira, Creto Augusto Vidal, Joaquim Bento Cavalcante-Neto, ",2017,0
Speaker-Independent Silent Speech Recognition From Flesh-Point Articulatory Movements Using an LSTM Neural Network,"Myungjong Kim, Beiming Cao, Ted Mau, Jun Wang, ",2017,0
Unreliable memory operation on a convolutional neural network processor,"Jose Marques, Joao Andrade, Gabriel Falcao, ",2017,0
A Comparative Study on Handwriting Digit Recognition Using Neural Networks,"Mahmoud M. Abu Ghosh, Ashraf Y. Maghari, ",2017,0
Competitive Decomposition of Input Space in a Competitive Modular Multinet System,"Arash Andalib, ",2007,0
Learning Feature Representations from Change Dependency Graphs for Defect Prediction,"Pablo Loyola, Yutaka Matsuo, ",2017,0
Nonlinear system modeling using convolutional neural networks,"Mario Lopez, Wen Yu, ",2017,0
Mobile assisted diabetic retinopathy detection using deep neural network,"Shorav Suriyal, Christopher Druzgalski, Kumar Gautam, ",2018,0
WiFi-based contactless activity recognition on smartphones,"Yuhe Zhang, Lin Zhang, ",2017,0
Convolutional recurrent neural network-based channel equalization: An experimental study,"Yang Li, Minhua Chen, Yang Yang, Ming-Tuo Zhou, Chengxiang Wang, ",2017,0
Parametric system identification using deep convolutional neural networks,"Sahika Genc, ",2017,0
Combining Nonlinear Dimension Reduction and Hashing Method for Efficient Image Retrieval,"Yang Li, Zhuang Miao, Yulong Xu, Hang Li, Yafei Zhang, ",2016,0
DehazeNet: An End-to-End System for Single Image Haze Removal,"Bolun Cai, Xiangmin Xu, Kui Jia, Chunmei Qing, Dacheng Tao, ",2016,19
"Nature-inspired optimization algorithms applied to fuzzy control, fuzzy modeling, mobile robots and optical character recognition","Radu-Emil Precup, ",2014,0
Improved Deep Hybrid Networks for Urban Traffic Flow Prediction Using Trajectory Data,"Zongtao Duan, Yun Yang, Kai Zhang, Yuanyuan Ni, Saurab Bajgain, ",2018,0
Robust 3D Hand Pose Estimation From Single Depth Images Using Multi-View CNNs,"Liuhao Ge, Hui Liang, Junsong Yuan, Daniel Thalmann, ",2018,0
Graphic Constellations and DBN Based Automatic Modulation Classification,"Fen Wang, Yongchao Wang, Xi Chen, ",2017,0
Speech Quality Assessment Over Lossy Transmission Channels Using Deep Belief Networks,"Emmanuel T. Affonso, Renata L. Rosa, Dem&oacute;stenes Z. Rodr&iacute;guez, ",2018,0
Deep learning for financial time series forecasting in A-Trader system,"Jerzy Korczak, Marcin Hemes, ",2017,0
Variational Autoencoded Regression: High Dimensional Regression of Visual Data on Complex Manifold,"Youngjoon Yoo, Sangdoo Yun, Hyung Jin Chang, Yiannis Demiris, Jin Young Choi, ",2017,0
A hybrid growing ENFN-based neuro-fuzzy system and its rapid deep learning,"Zhengbing Hu, Yevgeniy V. Bodyanskiy, Oleksii K. Tyshchenko, ",2017,0
Tree Classification in Complex Forest Point Clouds Based on Deep Learning,"Xinhuai Zou, Ming Cheng, Cheng Wang, Yan Xia, Jonathan Li, ",2017,0
A Comparative Analysis of Deep Learning Techniques for Sub-Tropical Crop Types Recognition from Multitemporal Optical/SAR Image Sequences,"Jose David Bermudez Castro, Raul Queiroz Feitoza, Laura Cue La Rosa, Pedro Marco Achanccaray Diaz, Ieda Del Arco Sanches, ",2017,0
A Robust Restricted Boltzmann Machine for Binary Image Denoising,"Rafael Gon&ccedil;alves Pires, Daniel Felipe Silva Santos, Lu&iacute;s Augusto Martins Pereira, Gustavo Botelho De Souza, Alexandre Lu&iacute;s Magalh&atilde;es Levada, Jo&atilde;o Paulo Papa, ",2017,0
Intelligent Bearing Fault Diagnosis Method Combining Compressed Data Acquisition and Deep Learning,"Jiedi Sun, Changhong Yan, Jiangtao Wen, ",2018,0
A 2D Deep Boltzmann Machine for Robust and Fast Vehicle Classification,"Daniel Felipe Silva Santos, Gustavo Botelho De Souza, Aparecido Nilceu Marana, ",2017,0
Fine-Tuning Infinity Restricted Boltzmann Machines,"Leandro Aparecido Passos, Joao Paulo Papa, ",2017,0
Real-Time Brazilian License Plate Detection and Recognition Using Deep Convolutional Neural Networks,"S&eacute;rgio Montazzolli Silva, Claudio Rosito Jung, ",2017,0
Polarimetrie SAR image classification based on deep belief network and superpixel segmentation,"Shaojia Ge, Jianchun Lu, Hong Gu, Zeshi Yuan, Weimin Su, ",2017,0
Convolutional neural network based solar photovoltaic panel detection in satellite photos,"Vladimir Golovko, Sergei Bezobrazov, Alexander Kroshchanka, Anatoliy Sachenko, Myroslav Komar, Andriy Karachka, ",2017,0
CCLearner: A Deep Learning-Based Clone Detection Approach,"Liuqing Li, He Feng, Wenjie Zhuang, Na Meng, Barbara Ryder, ",2017,0
Broad learning system: Feature extraction based on K-means clustering algorithm,"Zhulin Liu, Jin Zhou, C. L. Philip Chen, ",2017,0
Extraction of easily interpretable representation using five-layered autoencoder,"Shota Shirakawa, Naohiro Fukumura, ",2017,0
Classification of anger emotion using Japanese vowel,"Kaiji Sugimoto, Saerom Lee, Yoshifumi Okada, ",2017,0
A multimodal biometrie system for personal identification based on deep learning approaches,"Alaa S. Al-Waisy, Rami Qahwaji, Stanley Ipson, Shumoos Al-Fahdawi, ",2017,0
A Fast Learning Algorithm for Deep Belief Nets,"Geoffrey E. Hinton, Simon Osindero, Yee-Whye Teh, ",2006,1503,Fault Diagnosis Based on Improved Deep Belief Network,A Dynamic Data-Driven Fine-Tuning Approach for Stacked Auto-Encoder Neural Network,SpO2 based sleep apnea detection using deep learning,Insider Threat Detection Based on Deep Belief Network Feature Representation,Hybridization of PMF and LSTM for Recommendation of Intelligent Resource,Towards Playing a 3D First-Person Shooter Game Using a Classification Deep Neural Network Architecture,Speaker-Independent Silent Speech Recognition From Flesh-Point Articulatory Movements Using an LSTM Neural Network,Unreliable memory operation on a convolutional neural network processor,A Comparative Study on Handwriting Digit Recognition Using Neural Networks,Learning Feature Representations from Change Dependency Graphs for Defect Prediction,Nonlinear system modeling using convolutional neural networks,Graphic Constellations and DBN Based Automatic Modulation Classification,Speech Quality Assessment Over Lossy Transmission Channels Using Deep Belief Networks,Deep learning for financial time series forecasting in A-Trader system,Variational Autoencoded Regression: High Dimensional Regression of Visual Data on Complex Manifold,A hybrid growing ENFN-based neuro-fuzzy system and its rapid deep learning,Tree Classification in Complex Forest Point Clouds Based on Deep Learning,A Comparative Analysis of Deep Learning Techniques for Sub-Tropical Crop Types Recognition from Multitemporal Optical/SAR Image Sequences,A Robust Restricted Boltzmann Machine for Binary Image Denoising,Intelligent Bearing Fault Diagnosis Method Combining Compressed Data Acquisition and Deep Learning,A 2D Deep Boltzmann Machine for Robust and Fast Vehicle Classification,Fine-Tuning Infinity Restricted Boltzmann Machines,Real-Time Brazilian License Plate Detection and Recognition Using Deep Convolutional Neural Networks,Polarimetrie SAR image classification based on deep belief network and superpixel segmentation,Convolutional neural network based solar photovoltaic panel detection in satellite photos,CCLearner: A Deep Learning-Based Clone Detection Approach,Broad learning system: Feature extraction based on K-means clustering algorithm,Extraction of easily interpretable representation using five-layered autoencoder,Classification of anger emotion using Japanese vowel,A multimodal biometrie system for personal identification based on deep learning approaches
LCD: A Fast Contrastive Divergence Based Algorithm for Restricted Boltzmann Machine,"Lin Ning, Randall Pittman, Xipeng Shen, ",2017,0
POSTER: Cutting the Fat: Speeding Up RBM for Fast Deep Learning Through Generalized Redundancy Elimination,"Lin Ning, Randall Pittman, Xipeng Shen, ",2017,0
Soft biometric thermal face recognition using FWT and LDA feature extraction method with RBM DBN and FFNN classifier algorithms,"Evan Hurwitz, Ali N Hasan, Chigozie Orji, ",2017,0
Face recognition from video using generalized mean deep learning neural network,"Poonam Sharma, R. N. Yadav, K. V. Arya, ",2016,0
A Deep Learning Approach for Motor Imagery EEG Signal Classification,"Shiu Kumar, Alok Sharma, Kabir Mamun, Tatsuhiko Tsunoda, ",2016,0
Research on SAR oil spill image classification based on DBN in small sample space,"Guilian Chen, Hao Guo, Jubai An, ",2017,0
Optimized Deep Learning for EEG Big Data and Seizure Prediction BCI via Internet of Things,"Mohammad-Parsa Hosseini, Dario Pompili, Kost Elisevich, Hamid Soltanian-Zadeh, ",2017,0
Applications of Deep Learning and Reinforcement Learning to Biological Data,"Mufti Mahmud, Mohammed Shamim Kaiser, Amir Hussain, Stefano Vassanelli, ",2018,0
Brain-computer interface using deep neural network and its application to mobile robot control,"Gauvain Huve, Kazuhiko Takahashi, Masafumi Hashimoto, ",2018,0
Deep Galaxy V2: Robust Deep Convolutional Neural Networks for Galaxy Morphology Classifications,"Nour Eldeen Khalifa, Mohamed Hamed Taha, Aboul Ella Hassanien, Ibrahim Selim, ",2018,0
A Deep Learning Scheme for Motor Imagery Classification based on Restricted Boltzmann Machines,"Na Lu, Tengfei Li, Xiaodong Ren, Hongyu Miao, ",2017,3,A Deep Learning Approach for Motor Imagery EEG Signal Classification,A separated feature learning based DBN structure for classification of SSMVEP signals,Research on SAR oil spill image classification based on DBN in small sample space,Optimized Deep Learning for EEG Big Data and Seizure Prediction BCI via Internet of Things,Applications of Deep Learning and Reinforcement Learning to Biological Data,Brain-computer interface using deep neural network and its application to mobile robot control,Deep Galaxy V2: Robust Deep Convolutional Neural Networks for Galaxy Morphology Classifications
Auto coder-decoder (CODEC) model based sparse representation for image super resolution,"Qieshi Zhang, Liyan Gu, Jun Cheng, Xiaojun Wu, Sei-ichiro Kamata, ",2017,0
Stacking-based deep neural network: Deep analytic network on convolutional spectral histogram features,"Cheng-Yaw Low, Andrew Beng-Jin Teoh, ",2017,0
Video anomaly detection based on ULGP-OF descriptor and one-class ELM,"Siqi Wang, En Zhu, Jianping Yin, ",2016,0
Optimization of Stacked Unsupervised Extreme Learning Machine to improve classifier performance,"Dewa Made Sri Arsa, M. Anwar Ma'sum, Muhammad Febrian Rachmadi, Wisnu Jatmiko, ",2017,0
Exploring Hierarchical Convolutional Features for Hyperspectral Image Classification,"Gong Cheng, Zhenpeng Li, Junwei Han, Xiwen Yao, Lei Guo, ",2018,0
A Batch-Mode Regularized Multimetric Active Learning Framework for Classification of Hyperspectral Images,"Zhou Zhang, Melba M. Crawford, ",2017,0
A regularized multi-metric active learning framework for hyperspectral image classification,"Zhou Zhang, Melba M. Crawford, ",2016,0
A New Unsupervised Hyperspectral Band Selection Method Based on Multiobjective Optimization,"Xia Xu, Zhenwei Shi, Bin Pan, ",2017,0
Memetic algorithm based feature selection for hyperspectral images classification,"Mingyang Zhang, Jingjing Ma, Maoguo Gong, Hao Li, Jia Liu, ",2017,0
Local spectral-spatial clustering for remote sensing imagery,"Ailong Ma, Yanfei Zhong, Hongzan Jiao, Liangpei Zhang, ",2016,0
Adapting Dynamic Appearance for Robust Visual Tracking,"Guang Han, Heng Luo, Jixin Liu, Ning Sun, Xiaofei Li, ",2017,0
Sparse Affine Hull for Visual Tracking,"Jun Wang, Yuanyun Wang, Chengzhi Deng, Huasheng Zhu, Shengqian Wang, Li Lv, ",2016,0
Dynamically Modulated Mask Sparse Tracking,"Zijing Chen, Xinge You, Boxuan Zhong, Jun Li, Dacheng Tao, ",2017,0
Adaptive visual tracking system using artificial intelligence,"K. Kalirajan, M. Sudha, V. Rajeshkumar, S. Syed Jamaesha, ",2012,0
A self-adaptive super-resolution method based on dictionary library,"Guangyao Xu, Aixin Zhang, Jianhua Li, Shenghong Li, Bo Jing, ",2014,0
Iterative convolutional neural network for noisy image super-resolution,"Wenbo Bao, Xiaoyun Zhang, Shangpeng Yan, Zhiyong Gao, ",2017,0
Low complexity encoder for feedback-channel-free distributed video coding using deep convolutional neural networks at the decoder,"P Raj Bhagath, Jayanta Mukherjee, Sudipta Mukopadhayay, ",2016,0
Service-driven resource allocation based on energy efficiency in UUDN,"Xiuzhen Jiang, Xi Li, Hong Ji, ",2017,0
Energy-Efficient Bandwidth Aggregation for Delay-Constrained Video Over Heterogeneous Wireless Networks,"Jiyan Wu, Bo Cheng, Ming Wang, Junliang Chen, ",2017,1,Service-driven resource allocation based on energy efficiency in UUDN
Performance evaluation of secure multipath retransmission mechanism in next generation heterogeneous communication systems,"Jiaxin Zeng, Yuanlong Cao, Fenfen Ke, Minghe Huang, Guanghe Zhang, Wei Lu, ",2018,0
Joint Deployment and Mobility Management of Energy Harvesting Small Cells in Heterogeneous Networks,"Guanhua Qiao, Supeng Leng, Ke Zhang, Kun Yang, ",2017,1
Energy Efficient Congestion Control for Multipath TCP in Heterogeneous Networks,"Wei Wang, Xiaoxiang Wang, Dongyu Wang, ",2018,0
FEP: High Fidelity Experiment Platform for Mobile Networks,"Tongguang Zhang, Shuai Zhao, Bo Cheng, Bingfei Ren, Junliang Chen, ",2018,0
Energy-Aware CPU Frequency Scaling for Mobile Video Streaming,"Wenjie Hu, Guohong Cao, ",2017,0
Adaptive Coding with CPU Energy Conservation for Mobile Video Calls,"Haiyang Ma, Roger Zimmermann, ",2012,0
Packet Throughput Analysis of Static and Dynamic TDD in Small Cell Networks,"Howard H. Yang, Giovanni Geraci, Yi Zhong, Tony Q. S. Quek, ",2017,0
Analysis of Packet Throughput in Small Cell Networks under Clustered Dynamic TDD,"Jiamin Li, Aiping Huang, Hangguan Shan, Howard H. Yang, Tony Q. S. Quek, ",2018,0
Performance Analysis of Full-Duplex Relay Channel with Random Access,"Terut Boonphoka, Nikolaos Pappas, Yi Zhong, Xiaohu Ge, Peerapong Uthansakul, Tony Q. S. Quek, Di Yuan, ",2017,0
Full-Duplex Multi-Antenna Relay Assisted Cooperative Non-Orthogonal Multiple Access,"Zahra Mobini, Mohammadali Mohammadi, Himal A. Suraweera, Zhiguo Ding, ",2017,0
On the performance of a full-duplex receiver for graph-based random access schemes,"Andrea Munari, Federico Clazzer, Petri M&auml;h&ouml;nen, ",2017,0
Power Control for Full-Duplex Relay-Enhanced Cellular Networks With QoS Guarantees,"Xiaoyan Huang, Kun Yang, Fan Wu, Supeng Leng, ",2017,0
Antenna Mode Switching for Full-Duplex Destination-Based Jamming Secure Transmission,"Yuanjian Li, Rui Zhao, Lisheng Fan, An Liu, ",2018,0
Kalman-based relay/antenna selection for two-way MIMO-relay networks,"Chia-Chang Hu, Yi-Chi Kao, ",2016,1
Outage performance of partial antenna selection in the full-duplex decode-and-forward relay networks,"Mesut Toka, Ogguz Kucur, ",2017,0
Secrecy outage probability of full-duplex networks with cognitive radio environment and partial relay selection,"Muhamad Ayub bin Azaman, Nam-Phong Nguyen, Dac-Binh Ha, Tien-Vu Truong, ",2017,0
Outage performance of dual hop full-duplex relaying with Alamouti/MRC over Rayleigh fading channels,"Mesut Toka, Oğuz Kucur, ",2017,0
Performance analysis for amplify and forward full-duplex relaying with direct link over Nakagami-m fading channel,"Fatima Ezzahra Airod, Houda Chafnaji, Ahmed Tamtaoui, ",2017,0
Cooperative Spectrum Sharing in OFDM Two-Way Relay Systems With Bidirectional Transmissions,"Weidang Lu, Yingjun Angela Zhang, Mengyun Wang, Xin Liu, Jingyu Hua, ",2017,0
Dynamic Spectrum Sharing in 5G Wireless Networks With Full-Duplex Technology: Recent Advances and Research Challenges,"Shree Krishna Sharma, Tadilo Endeshaw Bogale, Long Bao Le, Symeon Chatzinotas, Xianbin Wang, Bj&ouml;rn Ottersten, ",2018,0
Outage analysis of OFDM based cognitive radio network with full duplex relay selection,"Samikkannu Rajkumar, Jayaraman S. Thiruvengadam, ",2016,1,Cooperative Spectrum Sharing in OFDM Two-Way Relay Systems With Bidirectional Transmissions,Dynamic Spectrum Sharing in 5G Wireless Networks With Full-Duplex Technology: Recent Advances and Research Challenges
Hybrid One-Way Full-Duplex/Two-Way Half-Duplex Relaying Scheme,"Yurong Wang, Kui Xu, Aijun Liu, Xiaochen Xia, ",2017,0
Non-Orthogonal Multiple Access for Large-Scale 5G Networks: Interference Aware Design,"Konpal Shaukat Ali, Hesham Elsawy, Anas Chaaban, Mohamed-Slim Alouini, ",2017,0
SINR Maximizing Beamforming Schemes for the Full Duplex Amplify-and-Forward Relay Channel,"Duckdong Hwang, Janghoon Yang, Sung Sik Nam, ",2017,0
Achievable Rates of Buffer-Aided Full-Duplex Gaussian Relay Channels,"Ahmed El Shafie, Ahmed Sultan, Ioannis Krikidis, Naofal Al-Dhahir, Ridha Hamila, ",2017,0
Capacity gains of buffer-aided moving relays,"Ammar Zafar, Mohammad Shaqfeh, Hussein Alnuweiri, Mohamed-Slim Alouini, ",2017,0
UAV-Aided Cooperation for FSO Communication Systems,"Wissam Fawaz, Chadi Abou-Rjeily, Chadi Assi, ",2018,0
On buffer-aided relaying for the two-hop full duplex relay channel with self-interference,"Mohsen Mohammadkhani Razlighi, Nikola Zlatanov, ",2017,0
Buffer-aided relaying for the two-hop full-duplex relay channel with self-interference,"Mohsen Mohammadkhani Razlighi, Nikola Zlatanov, ",2018,0
Optimisation of throughput of two-way buffer-aided relaying networks with wireless-assisted links,"Rajeev Kumar, Ashraf Hossain, ",2017,0
Throughput maximization for buffer-aided hybrid half-/full-duplex relaying with self-interference,"Mohammad Galal Khafagy, Ahmed El Shafie, Ahmed Sultan, Mohamed-Slim Alouini, ",2015,2,Achievable Rates of Buffer-Aided Full-Duplex Gaussian Relay Channels,Buffer-aided relaying for the two-hop full-duplex relay channel with self-interference,Optimisation of throughput of two-way buffer-aided relaying networks with wireless-assisted links
Maximizing Expected Achievable Rates for Block-Fading Buffer-Aided Relay Channels,"Mohammad Shaqfeh, Ammar Zafar, Hussein Alnuweiri, Mohamed-Slim Alouini, ",2016,2,Capacity gains of buffer-aided moving relays,UAV-Aided Cooperation for FSO Communication Systems,Buffer-aided relaying for the two-hop full-duplex relay channel with self-interference
Massive MIMO for Full-Duplex Cellular Two-Way Relay Network: A Spectral Efficiency Study,"Zhaoxi Fang, Wei Ni, Feng Liang, Pengfei Shao, Yaohui Wu, ",2017,0
Power-Efficient Secure Transmission Against Full-Duplex Active Eavesdropper: A Game-Theoretic Framework,"Xiao Tang, Pinyi Ren, Zhu Han, ",2017,0
On Full Duplex Scheduling for Energy Efficiency Maximization in Multi-Hop Wireless Networks,"Feng Tian, Xin Chen, Shidong Liu, Kun Wang, Xu Yuan, Zhen Yang, ",2018,0
Real time adaptive RF and digital self-interference cancellation for full-duplex transceivers,"Visa Tapio, Markku Juntti, Aarno P&auml;rssinen, Kari Rikkinen, ",2016,0
Advanced architectures for self-interference cancellation in full-duplex radios: Algorithms and measurements,"Dani Korpi, Mona AghababaeeTafreshi, Mauno Piilila, Lauri Anttila, Mikko Valkama, ",2016,0
On the prospects of full-duplex military radios,"Taneli Riihonen, Dani Korpi, Olli Rantula, Mikko Valkama, ",2017,0
Full-duplex radio technology for simultaneously detecting and preventing improvised explosive device activation,"Taneli Riihonen, Dani Korpi, Matias Turunen, Mikko Valkama, ",2018,0
Inband Full-Duplex Radio Transceivers: A Paradigm Shift in Tactical Communications and Electronic Warfare?,"Taneli Riihonen, Dani Korpi, Olli Rantula, Heikki Rantanen, Tapio Saarelainen, Mikko Valkama, ",2017,0
Frequency-Domain Hammerstein Self-Interference Canceller for In-Band Full-Duplex OFDM Systems,"Kazuki Komatsu, Yuichi Miyaji, Hideyuki Uehara, ",2017,0
A Full-Duplex Transceiver With Two-Stage Analog Cancellations for Multipath Self-Interference,"Ying Liu, Patrick Roblin, Xin Quan, Wensheng Pan, Shihai Shao, Youxi Tang, ",2017,0
Digitally Assisted RF-Analog Self Interference Cancellation for Wideband Full-Duplex Radios,"Brynn King, Jingjing Xia, Slim Boumaiza, ",2018,0
A two-stage analog cancellation architecture for self-interference suppression in full-duplex communications,"Xin Quan, Ying Liu, Wensheng Pan, Youxi Tang, Kai Kang, ",2017,0
An Architecture for Capturing the Nonlinear Distortion of Analog Self-Interference Cancellers in Full-Duplex Radios,"Ying Liu, Wanzhi Ma, Xin Quan, Wensheng Pan, Kai Kang, Youxi Tang, ",2017,0
An FDD Wireless Diversity Receiver With Transmitter Leakage Cancellation in Transmit and Receive Bands,"Daniele Montanari, Gerardo Castellano, Ehsan Kargaran, Giacomo Pini, Saheed Tijani, Davide De Caro, Antonio Giuseppe Maria Strollo, Danilo Manstretta, Rinaldo Castello, ",2018,0
Digital-domain assisted RF cancellation of nonlinear wideband self-interference for co-site wireless communication systems,"Songhu Ge, Jin Meng, Jinling Xing, Jian Tang, Chuanjie Gou, ",2018,0
Digitally-controlled RF self-interference canceller for full-duplex radios,"Joose Tamminen, Matias Turunen, Dani Korpi, Timo Huusari, Yang-Seok Choi, Shilpa Talwar, Mikko Valkama, ",2016,5,Advanced architectures for self-interference cancellation in full-duplex radios: Algorithms and measurements,On the prospects of full-duplex military radios,Frequency-Domain Hammerstein Self-Interference Canceller for In-Band Full-Duplex OFDM Systems,A Full-Duplex Transceiver With Two-Stage Analog Cancellations for Multipath Self-Interference,Digitally Assisted RF-Analog Self Interference Cancellation for Wideband Full-Duplex Radios,A two-stage analog cancellation architecture for self-interference suppression in full-duplex communications,An Architecture for Capturing the Nonlinear Distortion of Analog Self-Interference Cancellers in Full-Duplex Radios,An FDD Wireless Diversity Receiver With Transmitter Leakage Cancellation in Transmit and Receive Bands,Digital-domain assisted RF cancellation of nonlinear wideband self-interference for co-site wireless communication systems
Single branch search based pilot allocation for multi-cell massive multiple-input multiple-output systems,"Anzhong Hu, Haiquan Wang, ",2017,0
Eradication of pilot contamination and zero forcing precoding in the multi-cell TDD massive MIMO systems,"Sajjad Ali, Zhe Chen, Fuliang Yin, ",2017,0
Pilot contamination mitigation strategies in massive MIMO systems,"Zijun Gong, Cheng Li, Fan Jiang, ",2017,0
Directional training and fast sector-based processing schemes for mmWave channels,"Zheda Li, Nadisanka Rupasinghe, Ozgun Y. Bursalioglu, Chenwei Wang, Haralabos Papadopoulos, Giuseppe Caire, ",2017,0
A novel alternative to cloud RAN for throughput densification: Coded pilots and fast user-packet scheduling at remote radio heads,"Ozgun Y. Bursalioglu, Chenwei Wang, Haralabos Papadopoulos, Giuseppe Caire, ",2016,1,Directional training and fast sector-based processing schemes for mmWave channels
Random Access Protocols for Massive MIMO,"Elisabeth de Carvalho, Emil Bjornson, Jesper H. Sorensen, Petar Popovski, Erik G. Larsson, ",2017,0
A Graph-Based Random Access Protocol for Crowded Massive MIMO Systems,"Huimei Han, Ying Li, Xudong Guo, ",2017,0
Random Pilot and Data Access in Massive MIMO for Machine-Type Communications,"Elisabeth de Carvalho, Emil Bj&ouml;rnson, Jesper H. S&oslash;rensen, Erik G. Larsson, Petar Popovski, ",2017,0
Massive Connectivity With Massive MIMO&mdash;Part I: Device Activity Detection and Channel Estimation,"Liang Liu, Wei Yu, ",2018,0
Massive Connectivity With Massive MIMO&mdash;Part II: Achievable Rate Characterization,"Liang Liu, Wei Yu, ",2018,0
Sparse Activity Detection for Massive Connectivity,"Zhilin Chen, Foad Sohrabi, Wei Yu, ",2018,0
Large-scale antenna-assisted grant-free non-orthogonal multiple access via compressed sensing,"Hanyu Wang, Yanlun Wu, Jun Fang, Gang Wu, ",2017,0
Joint active user detection and channel estimation for massive machine-type communications,"Sunho Park, Heejin Seo, Hyoungju Ji, Byonghyo Shim, ",2017,0
Joint activity detection and channel estimation via Bayesian orthogonal matching pursuit,"Euitaek Lee, Jinyoup Ahn, Namik Kim, Kwang Bok Lee, ",2017,0
On the Performance of Joint Channel Estimation and MUD for CS-Based Random Access in Multi-Cell Environment,"Ameha T. Abebe, Chung G. Kang, ",2017,0
Comprehensive grant-free random access for massive &amp; low latency communication,"Ameha T. Abebe, Chung G. Kang, ",2017,1,On the Performance of Joint Channel Estimation and MUD for CS-Based Random Access in Multi-Cell Environment
Joint User Activity and Non-Coherent Data Detection in mMTC-Enabled Massive MIMO Using Machine Learning Algorithms,"Kamil Senel, Erik G. Larsson, ",2018,0
Reliable compressive sensing (CS)-based multi-user detection with power-based Zadoff-Chu sequence design,"Chieh-Fang Teng, Ching-Chun Liao, Hung-Yi Cheng, An-Yeu Andy Wu, ",2017,0
On the fundamental limits of massive connectivity,"Wei Yu, ",2017,1,Massive device connectivity with massive MIMO,Sparse Activity Detection for Massive Connectivity,Massive Connectivity With Massive MIMO—Part I: Device Activity Detection and Channel Estimation
Enhanced System Acquisition for NB-IoT,"Wenjie Yang, Min Hua, Jingjing Zhang, Tingting Xia, Jun Zou, Chengling Jiang, Mao Wang, ",2017,0
Understanding link-level characterization of long-distance 802.11g semi-urban links,"Zhibin Dou, Zenghua Zhao, Quan Jin, Gaotao Shi, Lianfang Zhang, Yantai Shu, Maode Ma, ",2011,0
Massive device connectivity with massive MIMO,"Liang Liu, Wei Yu, ",2017,1,On the fundamental limits of massive connectivity,Massive Connectivity With Massive MIMO—Part I: Device Activity Detection and Channel Estimation,Massive Connectivity With Massive MIMO—Part II: Achievable Rate Characterization
Towards Massive Connectivity Support for Scalable mMTC Communications in 5G Networks,"Carsten Bockelmann, Nuno K. Pratas, Gerhard Wunder, Stephan Saur, M&ograve;nica Navarro, David Gregoratti, Guillaume Vivier, Elisabeth De Carvalho, Yalei Ji, Čedomir Stefanović, Petar Popovski, Qi Wang, Malte Schellmann, Evangelos Kosmatos, Panagiotis Demestichas, Miruna Raceala-Motoc, Peter Jung, Slawomir Stanczak, Armin Dekorsy, ",2018,0
A Random Access Protocol for Pilot Allocation in Crowded Massive MIMO Systems,"Emil Bj&ouml;rnson, Elisabeth de Carvalho, Jesper H. S&oslash;rensen, Erik G. Larsson, Petar Popovski, ",2017,2,A Graph-Based Random Access Protocol for Crowded Massive MIMO Systems,Random Pilot and Data Access in Massive MIMO for Machine-Type Communications,Massive Connectivity With Massive MIMO—Part I: Device Activity Detection and Channel Estimation,Towards Massive Connectivity Support for Scalable mMTC Communications in 5G Networks
A High Throughput Pilot Allocation for M2M Communication in Crowded Massive MIMO Systems,"Huimei Han, Xudong Guo, Ying Li, ",2017,1,A Graph-Based Random Access Protocol for Crowded Massive MIMO Systems
A Joint SUCR Protocol and TA Information Pilot Random Access Scheme,"Xiaojie Li, Ying Li, Huimei Han, Xudong Guo, ",2017,0
Leveraging massive MIMO spatial degrees of freedom to reduce random access delay,"Fatima Ahsan, Ashutosh Sabharwal, ",2017,0
Random access protocol for massive MIMO: Strongest-user collision resolution (SUCR),"Emil Bj&ouml;rnson, Elisabeth de Carvalho, Erik G. Larsson, Petar Popovski, ",2016,3,Random Access Protocols for Massive MIMO,A High Throughput Pilot Allocation for M2M Communication in Crowded Massive MIMO Systems,A Random Access Protocol for Pilot Allocation in Crowded Massive MIMO Systems,Random Pilot and Data Access in Massive MIMO for Machine-Type Communications,A Joint SUCR Protocol and TA Information Pilot Random Access Scheme,Leveraging massive MIMO spatial degrees of freedom to reduce random access delay
Polarized MIMO Slotted ALOHA Random Access Scheme in Satellite Network,"Jialing Bai, Guangliang Ren, ",2017,0
Small Cells for 5G Mobile Networks,"Jonathan Rodriguez, ",2014,0
Massive Machine-to-Machine Communications in Cellular Network: Distributed Queueing Random Access Meets MIMO,"Jiantao Yuan, Hangguan Shan, Aiping Huang, Tony Q. S. Quek, Yu-Dong Yao, ",2017,0
Locally Orthogonal Training Design in Cloud-RANs,"Jianwen Zhang, Xiaojun Yuan, Ying Jun Zhang, ",2016,0
Locally Orthogonal Training Design for Cloud-RANs Based on Graph Coloring,"Jianwen Zhang, Xiaojun Yuan, Ying Jun Zhang, ",2017,1,Locally Orthogonal Training Design in Cloud-RANs
Massive MIMO Pilot Decontamination and Channel Interpolation via Wideband Sparse Channel Estimation,"Saeid Haghighatshoar, Giuseppe Caire, ",2017,0
Pilot Allocation and Sum-Rate Analysis in Distributed Massive MIMO Systems,"Ramiz Sabbagh, Huiling Zhu, Jiangzhou Wang, ",2017,0
RRH based massive MIMO with &ldquo;on the Fly&rdquo; pilot contamination control,"Ozgun Y. Bursalioglu, Chenwei Wang, Haralabos Papadopoulos, Giuseppe Caire, ",2016,4,A novel alternative to cloud RAN for throughput densification: Coded pilots and fast user-packet scheduling at remote radio heads,Directional training and fast sector-based processing schemes for mmWave channels,Random Access Protocols for Massive MIMO,Locally Orthogonal Training Design for Cloud-RANs Based on Graph Coloring,Massive MIMO Pilot Decontamination and Channel Interpolation via Wideband Sparse Channel Estimation,Pilot Allocation and Sum-Rate Analysis in Distributed Massive MIMO Systems
The Feasibility of Coexistence Between 5G and Existing Services in the IMT-2020 Candidate Bands in Malaysia,"Walid A. Hassan, Han-Shin Jo, Abdul Rahman Tharek, ",2017,0
JointNull: Combining Partial Analog Cancellation With Transmit Beamforming for Large-Antenna Full-Duplex Wireless Systems,"Niranjan M. Gowda, Ashutosh Sabharwal, ",2018,0
A closed form analytic expression for massive MIMO finite-SNR diversity gain in case of correlated Rayleigh channels,"Aleksey S. Gvozdarev, Tatiana K. Artemova, ",2017,0
A 1.8Gb/s 70.6pJ/b 128&times;16 link-adaptive near-optimal massive MIMO detector in 28nm UTBB-FDSOI,"Wei Tang, Hemanth Prabhu, Liang Liu, Viktor &Ouml;wall, Zhengya Zhang, ",2018,0
Banded correlation matrix model for massive MIMO systems,"Aleksey Gvozdarev, Tatiana Artemova, ",2017,0
Frequency-Domain Detection without Matrix Inversions for mmWave Communications with Correlated Massive MIMO Channels,"Pedro Bento, Andreia Pereira, Rui Dinis, Marco Gomes, Vitor Silva, ",2017,0
"An Evaluation of Channel Models, Frequency Bands and Antenna Topologies for 5G","Callum T. Neil, Mansoor Shafi, Peter J. Smith, Pawel A. Dmochowski, Jianhua Zhang, ",2017,0
An adaptive parametric prediction method for mobile MIMO wireless systems,"Ramoni. O. Adeogun, Paul D. Teal, Pawel A. Dmochowski, ",2017,0
Channel prediction for massive MIMO with channel compression based on principal component analysis,"Rei Nagashima, Tomoaki Ohtsuki, Wenjie Jiang, Yasushi Takatori, Tadao Nakagawa, ",2016,2,An adaptive parametric prediction method for mobile MIMO wireless systems,Channel prediction for millimeter wave MIMO systems in 3D propagation environments,Channel quality prediction in LTE: How far can we look ahead under realistic assumptions?,Asymptotic performance bound on estimation and prediction of mobile MIMO-OFDM wireless channels
"The World&rsquo;s First Real-Time Testbed for Massive MIMO: Design, Implementation, and Validation","Steffen Malkowsky, Jo&atilde;o Vieira, Liang Liu, Paul Harris, Karl Nieman, Nikhil Kundargi, Ian C. Wong, Fredrik Tufvesson, Viktor &Ouml;wall, Ove Edfors, ",2017,1,JointNull: Combining Partial Analog Cancellation With Transmit Beamforming for Large-Antenna Full-Duplex Wireless Systems,A closed form analytic expression for massive MIMO finite-SNR diversity gain in case of correlated Rayleigh channels,A 1.8Gb/s 70.6pJ/b 128×16 link-adaptive near-optimal massive MIMO detector in 28nm UTBB-FDSOI,Banded correlation matrix model for massive MIMO systems,A Review of High Gain and High Efficiency Reflectarrays for 5G Communications,A Simulation Framework for Multiple-Antenna Terminals in 5G Massive MIMO Systems,A Review of Wideband Reflectarray Antennas for 5G Communication Systems,Measurements of massive MIMO channel in real environment with 8-antenna handset,Effective Capacity in MIMO Channels With Arbitrary Inputs,Building and operating a real-time massive MIMO testbed — lessons learned,Uplink Performance of Multi-Antenna Cellular Networks With Co-Operative Base Stations and User-Centric Clustering
A Comprehensive Survey of Pilot Contamination in Massive MIMO&mdash;5G System,"Olakunle Elijah, Chee Yen Leow, Tharek Abdul Rahman, Solomon Nunoo, Solomon Zakwoi Iliya, ",2016,28,Single branch search based pilot allocation for multi-cell massive multiple-input multiple-output systems,Eradication of pilot contamination and zero forcing precoding in the multi-cell TDD massive MIMO systems,Pilot contamination mitigation strategies in massive MIMO systems,The Feasibility of Coexistence Between 5G and Existing Services in the IMT-2020 Candidate Bands in Malaysia,The World’s First Real-Time Testbed for Massive MIMO: Design Implementation and Validation,Energy-Efficient Power Allocation for MIMO-SVD Systems,Successive MMSE group decoding and max-min power control for uplink multiceli NOMA systems under pilot contamination,Optimal pilot reuse factor based on user environments in 5G Massive MIMO,Performance analysis of dual-hop DF relaying systems in the combined presence of CEE and RFI,Ultra-Dense Networks: A Survey,A Survey on Legacy and Emerging Technologies for Public Safety Communications,An Overview on Resource Allocation Techniques for Multi-User MIMO Systems,Dynamic Spectrum Sharing in 5G Wireless Networks With Full-Duplex Technology: Recent Advances and Research Challenges,Pilot contamination in multi-cell massive-MIMO systems in 5G wireless communications,Fair Pilot Assignment Based on AOA and Pathloss with Location Information in Massive MIMO,Noncoherent Massive MIMO Detection by Expectation Propagation,Blind Pilot Decontamination in Massive MIMO by Independent Component Analysis,Pilot precoding and combining in multiuser MIMO networks,Path loss model in outdoor environment at 32 GHz for 5G system,Performance/complexity comparison of SVD vs. SURV for subspace estimation in noncoherent massive MIMO,On the integration of Grassmannian Constellations into LTE networks: A link-level performance study,3-D-MIMO With Massive Antennas Paves the Way to 5G Enhanced Mobile Broadband: From System Design to Field Trials,Pilot Precoding and Combining in Multiuser MIMO Networks,Pilot Reuse Strategy Maximizing the Weighted-Sum-Rate in Massive MIMO Systems,An Overview of Massive MIMO Technology Components in METIS,Performance Analysis of Multiple Association in Ultra-Dense Networks,On Detection and Mitigation of Reused Pilots in Massive MIMO Systems,Performance Scaling Law for Multicell Multiuser Massive MIMO,Parametrization and Applications of Precoding Reuse and Downlink Interference Alignment,On Reusing Pilots Among Interfering Cells in Massive MIMO
"In-Band Full-Duplex Relaying: A Survey, Research Issues and Challenges","Gang Liu, F. Richard Yu, Hong Ji, Victor C. M. Leung, Xi Li, ",2015,111,Outage analysis of OFDM based cognitive radio network with full duplex relay selection,Energy-Efficiency of Millimeter-Wave Full-Duplex Relaying Systems: Challenges and Solutions,Power Allocation for Buffer-Aided Full-Duplex Relaying With Imperfect Self-Interference Cancelation and Statistical Delay Constraint,Probabilistic Cooperation of a Full-Duplex Relay in Random Access Networks,Hybrid One-Way Full-Duplex/Two-Way Half-Duplex Relaying Scheme,Non-Orthogonal Multiple Access for Large-Scale 5G Networks: Interference Aware Design,SINR Maximizing Beamforming Schemes for the Full Duplex Amplify-and-Forward Relay Channel,Achievable Rates of Buffer-Aided Full-Duplex Gaussian Relay Channels,Massive MIMO for Full-Duplex Cellular Two-Way Relay Network: A Spectral Efficiency Study,Power-Efficient Secure Transmission Against Full-Duplex Active Eavesdropper: A Game-Theoretic Framework,On Full Duplex Scheduling for Energy Efficiency Maximization in Multi-Hop Wireless Networks,Real time adaptive RF and digital self-interference cancellation for full-duplex transceivers,A Comprehensive Survey of Pilot Contamination in Massive MIMO—5G System,Tutorial on LTE/LTE-A Cellular Network Dimensioning Using Iterative Statistical Analysis,5G: Adaptable Networks Enabled by Versatile Radio Access Technologies,Defining and Surveying Wireless Link Virtualization and Wireless Network Virtualization,Full-Duplex Communication in Cognitive Radio Networks: A Survey,Dynamic Spectrum Sharing in 5G Wireless Networks With Full-Duplex Technology: Recent Advances and Research Challenges,Cooperative jamming secure scheme for untrusted full-duplex relay system,Distributed Resource Allocation for Virtualized Small Cell Networks with Full Duplex Self-Backhauls,Massive MIMO-Enabled Wireless Backhauls for Full-Duplex Small Cells,Mobile Virtual Network Admission Control and Resource Allocation for Wireless Network Virtualization: A Robust Optimization Approach,Capacity of the Gaussian Two-Hop Full-Duplex Relay Channel with Self-Interference,Harnessing Self-Interference in Full-Duplex Relaying: An Analog Filter-and-Forward Approach,Heterogeneous QoS-Driven Resource Adaptation over Full-Duplex Relay Networks,Power Allocation for Full-Duplex Cooperative Non-Orthogonal Multiple Access Systems,Joint Resource Allocation in Cache-Enabled Small Cell Networks with Massive MIMO and Full Duplex,On buffer-aided relaying for the two-hop full duplex relay channel with self-interference,Generalized Virtual Full-Duplex Relaying Protocol Based on Buffer-Aided Half-Duplex Relay Nodes,Secure Transmission in the Presence of Full-Duplex Active Eavesdropper
Co-phasing full-duplex relay link with non-ideal feedback information,"Taneli Riihonen, Risto Wichman, Jyri Hamalainen, ",2008,7,In-Band Full-Duplex Relaying: A Survey Research Issues and Challenges,In-Band Full-Duplex Wireless: Challenges and Opportunities,Optimal Transmission Scheduling of Cooperative Communications with a Full-Duplex Relay,Performance Evaluation of Relay Deployment Strategies in Multi-Cell Single Frequency Networks,Full Duplex-Assisted Intercell Interference Cancellation in Heterogeneous Networks,A Survey of In-Band Full-Duplex Transmission: From the Perspective of PHY and MAC Layers
Analysis on Full Duplex Amplify-and-Forward Relay Networks under Nakagami Fading Channels,"Zheng Shi, Shaodan Ma, Fen Hou, Kam-Weng Tam, ",2015,1,Outage performance of partial antenna selection in the full-duplex decode-and-forward relay networks,Outage performance of dual hop full-duplex relaying with Alamouti/MRC over Rayleigh fading channels,Performance analysis for amplify and forward full-duplex relaying with direct link over Nakagami-m fading channel
Efficient Full-Duplex Relaying With Joint Antenna-Relay Selection and Self-Interference Suppression,"Kun Yang, Hongyu Cui, Lingyang Song, Yonghui Li, ",2015,27,Energy-Efficiency of Millimeter-Wave Full-Duplex Relaying Systems: Challenges and Solutions,Power Allocation for Buffer-Aided Full-Duplex Relaying With Imperfect Self-Interference Cancelation and Statistical Delay Constraint,Power Control for Full-Duplex Relay-Enhanced Cellular Networks With QoS Guarantees,Antenna Mode Switching for Full-Duplex Destination-Based Jamming Secure Transmission,Kalman-based relay/antenna selection for two-way MIMO-relay networks,Analysis on Full Duplex Amplify-and-Forward Relay Networks under Nakagami Fading Channels,Relay Selection in Full-Duplex Multiple-User Wireless Networks,Uplink and downlink user pairing in full-duplex multi-user systems: Complexity and algorithms,Outage performance of dual hop full-duplex MIMO relay networks with TAS/MRC over Rayleigh fading channels,Joint Relay Selection and Power Allocation for Full-Duplex DF Co-Operative Networks With Outdated CSI,X-Duplex Relaying: Adaptive Antenna Configuration,Resource allocation in full-duplex communications for future wireless networks,Game-theoretic resource allocation for full-duplex communications,Outage performance of partial antenna selection in the full-duplex decode-and-forward relay networks,Sum-rate based opportunistic relay selection method for a dual-hop multiple half/full-duplex bi-directional wireless relaying networks,On the Outage Probability of MIMO Full-Duplex Relaying: Impact of Antenna Correlation and Imperfect CSI,MIMO Full-Duplex Relaying in the Presence of Co-Channel Interference,Full-Duplex Amplify-and-Forward Relaying: Power and Location Optimization,On the Performance of X-Duplex Relaying,Optimal Power Control and Beamforming for Full-Duplex Small Cell Wireless Networks,Outage probability of spatially correlated MIMO full-duplex relaying with imperfect CSI,Achievable Rate Analysis of Two-Way Full Duplex Relay with Joint Relay and Antenna Selection,Outage probability of full-duplex fixed-gain AF relaying in Rayleigh fading channels,Performance analysis of in-band full-duplex amplify-and-forward relay system with direct link,Relay Selection for Full-Duplex Cooperative Networks with Outdated CSI in an Interference-Limited Environment
Heterogeneous Cellular Networks With Spatio-Temporal Traffic: Delay Analysis and Scheduling,"Yi Zhong, Tony Q. S. Quek, Xiaohu Ge, ",2017,2,Packet Throughput Analysis of Static and Dynamic TDD in Small Cell Networks,Performance Analysis of Full-Duplex Relay Channel with Random Access,Mean Packet Throughput Analysis of Downlink Cellular Networks with Spatio-Temporal Traffic,Resource Allocation for Secure Communication in $K$ -Tier Heterogeneous Cellular Networks: A Spatial-Temporal Perspective,Temporal-spatial distribution nature of traffic and base stations in cellular networks,QoS-Constrained Medium Access Probability Optimization in Wireless Interference-Limited Networks,Spatio-temporal stochastic modeling of heterogeneous cellular networks: Security and delay analysis,Physical layer security in IoT: A spatial-temporal perspective,Physical layer security in heterogeneous cellular networks: A spatio-temporal perspective,An Analytical Model for Flow-Level Performance in Heterogeneous Wireless Networks,Complementary Networking for C-RAN: Spectrum Efficiency Delay and System Cost,5G Ultradense Networks With Nonuniform Distributed Users,Uplink Performance of Multi-Antenna Cellular Networks With Co-Operative Base Stations and User-Centric Clustering,Ultra-Dense Networks: A New Look at the Proportional Fair Scheduler,Teletraffic Analysis of OFDMA Cellular Systems With Persistent VoIP Users and Maximum SIR Scheduling Based on Order Statistics,Secure Transmission With Guaranteed User Satisfaction in Heterogeneous Networks: A Two-Level Stackelberg Game Approach
Energy Minimization for Quality-Constrained Video with Multipath TCP over Heterogeneous Wireless Networks,"Jiyan Wu, Bo Cheng, Ming Wang, ",2016,6,Joint Deployment and Mobility Management of Energy Harvesting Small Cells in Heterogeneous Networks,FEP: High Fidelity Experiment Platform for Mobile Networks,Energy-Aware CPU Frequency Scaling for Mobile Video Streaming,Energy-Efficient Bandwidth Aggregation for Delay-Constrained Video Over Heterogeneous Wireless Networks,Heterogeneous Cellular Networks With Spatio-Temporal Traffic: Delay Analysis and Scheduling,Delivering High-Frame-Rate Video to Mobile Devices in Heterogeneous Wireless Networks,Quality-Aware Energy Optimization in Wireless Video Communication With Multipath TCP,DPSAF: Forward Prediction Based Dynamic Packet Scheduling and Adjusting With Feedback for Multipath TCP in Lossy Heterogeneous Networks,Seamless Multimedia Delivery Within a Heterogeneous Wireless Networks Environment: Are We There Yet?
Energy-Minimized Multipath Video Transport to Mobile Devices in Heterogeneous Wireless Networks,"Jiyan Wu, Chau Yuen, Bo Cheng, Ming Wang, Junliang Chen, ",2016,12,Performance evaluation of secure multipath retransmission mechanism in next generation heterogeneous communication systems,Joint Deployment and Mobility Management of Energy Harvesting Small Cells in Heterogeneous Networks,Energy Efficient Congestion Control for Multipath TCP in Heterogeneous Networks,Energy Minimization for Quality-Constrained Video with Multipath TCP over Heterogeneous Wireless Networks,Energy-Efficient Bandwidth Aggregation for Delay-Constrained Video Over Heterogeneous Wireless Networks,Video Streaming in Content-Centric Mobile Networks: Challenges and Solutions,E<sup>3</sup>DOAS: Balancing QoE and Energy-Saving for Multi-Device Adaptation in Future Mobile Wireless Video Delivery,Mobile 4K / 2K / HD video streaming supported by real-time FEC raptorQ codes,Bandwidth-Efficient Multipath Transport Protocol for Quality-Guaranteed Real-Time Video Over Heterogeneous Wireless Networks,Delivering High-Frame-Rate Video to Mobile Devices in Heterogeneous Wireless Networks,Priority-Aware FEC Coding for High-Definition Mobile Video Delivery Using TCP,Improving Multipath Video Transmission With Raptor Codes in Heterogeneous Wireless Networks,Quality-Aware Energy Optimization in Wireless Video Communication With Multipath TCP,DPSAF: Forward Prediction Based Dynamic Packet Scheduling and Adjusting With Feedback for Multipath TCP in Lossy Heterogeneous Networks,Aggregating LTE and Wi-Fi: Toward Intra-Cell Fairness and High TCP Performance,Delay-Power-Rate-Distortion Optimization of Video Representations for Dynamic Adaptive Streaming
TCP-Oriented Raptor Coding for High-Frame-Rate Video Transmission Over Wireless Networks,"Jiyan Wu, Chau Yuen, Ming Wang, Junliang Chen, Chang Wen Chen, ",2016,5,Energy-Efficient Bandwidth Aggregation for Delay-Constrained Video Over Heterogeneous Wireless Networks,Delivering High-Frame-Rate Video to Mobile Devices in Heterogeneous Wireless Networks,Priority-Aware FEC Coding for High-Definition Mobile Video Delivery Using TCP,Joint Coding-Transmission Optimization for a Video Surveillance System With Multiple Cameras,Quality-Aware Energy Optimization in Wireless Video Communication With Multipath TCP
Joint Non-Gaussian Denoising and Superresolving of Raw High Frame Rate Videos,"Jinli Suo, Yue Deng, Liheng Bian, Qionghai Dai, ",2014,11,Iterative convolutional neural network for noisy image super-resolution,TCP-Oriented Raptor Coding for High-Frame-Rate Video Transmission Over Wireless Networks,Delivering High-Frame-Rate Video to Mobile Devices in Heterogeneous Wireless Networks,Sparse Coding-Inspired Optimal Trading System for HFT Industry,Modeling and Optimization of High Frame Rate Video Transmission Over Wireless Networks,Single image super-resolution reconstruction in presence of mixed Poisson-Gaussian noise,Enabling Adaptive High-Frame-Rate Video Streaming in Mobile Cloud Gaming Applications
Motion-Based Kernel Particle Filter for Visually Tracking Antenna Deployment,"Hui Zheng, Ping Li, ",2011,2,A self-adaptive super-resolution method based on dictionary library,Joint Non-Gaussian Denoising and Superresolving of Raw High Frame Rate Videos
Multi-band joint local sparse tracking via wavelet transforms,"Guang Han, Heng Luo, Jixin Liu, Ning Sun, Kun Du, Xiaofei Li, ",2016,1,Adapting Dynamic Appearance for Robust Visual Tracking
Parallel Implementation of Sparse Representation Classifiers for Hyperspectral Imagery on GPUs,"Zebin Wu, Qicong Wang, Antonio Plaza, Jun Li, Jianjun Liu, Zhihui Wei, ",2015,11,Multi-band joint local sparse tracking via wavelet transforms,Parallel collaborative representation for hyperspectral image classification on GPUs,High-Level Feature Selection With Dictionary Learning for Unsupervised SAR Imagery Terrain Classification,Hyperspectral Image Classification by Fusing Collaborative and Sparse Representations,Parallel Multiclass Support Vector Machine for Remote Sensing Data Classification on Multicore and Many-Core Architectures,GPU Parallel Implementation of Isometric Mapping for Hyperspectral Classification,Advances in Hyperspectral Image and Signal Processing: A Comprehensive Overview of the State of the Art,Fast Three-Dimensional Empirical Mode Decomposition of Hyperspectral Images for Class-Oriented Multitask Learning,Hybrid Probabilistic Sparse Coding With Spatial Neighbor Tensor for Hyperspectral Imagery Classification
Hyperspectral Imagery Clustering With Neighborhood Constraints,"Shanshan Li, Bing Zhang, An Li, Xiuping Jia, Lianru Gao, Man Peng, ",2013,7,Parallel Implementation of Sparse Representation Classifiers for Hyperspectral Imagery on GPUs,A spectral clustering based method for hyperspectral urban image,A New Sparse Subspace Clustering Algorithm for Hyperspectral Remote Sensing Imagery,A supervised density-peaks-based classification approach for hyperspectral images,GPU Parallel Implementation of Spatially Adaptive Hyperspectral Image Classification
An Adaptive Memetic Fuzzy Clustering Algorithm With Spatial Information for Remote Sensing Imagery,"Yanfei Zhong, Ailong Ma, Liangpei Zhang, ",2014,19,Local spectral-spatial clustering for remote sensing imagery,Foreword to the Special Issue on Machine Learning for Remote Sensing Data Processing,A Spatial Fuzzy Clustering Algorithm With Kernel Metric Based on Immune Clone for SAR Image Segmentation,A Spatial Gaussian Mixture Model for Optical Remote Sensing Image Clustering,A Fast Algorithm for SAR Image Segmentation Based on Key Pixels,Image Fuzzy Clustering Based on the Region-Level Markov Random Field Model,Adaptive Multiobjective Memetic Fuzzy Clustering Algorithm for Remote Sensing Imagery,Gabor Cube Selection Based Multitask Joint Sparse Representation for Hyperspectral Image Classification,Spectral–Spatial Sparse Subspace Clustering for Hyperspectral Remote Sensing Images,Semisupervised Subspace-Based DNA Encoding and Matching Classifier for Hyperspectral Remote Sensing Imagery,A Novel Adaptive Fuzzy Local Information $C$ -Means Clustering Algorithm for Remotely Sensed Imagery Classification
Memetic Ant Colony Optimization for Band Selection of Hyperspectral Imagery Classification,"Zexuan Zhu, Zhen Ji, Sen Jia, ",2010,4,An Adaptive Memetic Fuzzy Clustering Algorithm With Spatial Information for Remote Sensing Imagery,Realization of an Adaptive Memetic Algorithm Using Differential Evolution and Q-Learning: A Case Study in Multirobot Path Planning
Unsupervised Band Selection Based on Evolutionary Multiobjective Optimization for Hyperspectral Images,"Maoguo Gong, Mingyang Zhang, Yuan Yuan, ",2016,19,Memetic algorithm based feature selection for hyperspectral images classification,Rank estimation of parafac reducing both signal-dependent and signal-independent noise in hyperspectral image for target detection,Denoising hyperspectral images with non-white noise based on tensor decomposition,GCN: GPU-Based Cube CNN Framework for Hyperspectral Image Classification,Reduction of non-white noise from hyperspectral images based on tensor decomposition,Class-Oriented Spectral Partitioning for Remotely Sensed Hyperspectral Image Classification,Fast and Robust Self-Representation Method for Hyperspectral Band Selection,Unsupervised Hyperspectral Band Selection by Fuzzy Clustering With Particle Swarm Optimization,Unsupervised Band Selection Using Block-Diagonal Sparsity for Hyperspectral Image Classification,A New Unsupervised Hyperspectral Band Selection Method Based on Multiobjective Optimization,A Saliency-Based Band Selection Approach for Hyperspectral Imagery Inspired by Scale Selection,A Similarity-Based Multiobjective Evolutionary Algorithm for Deployment Optimization of Near Space Communication System,Sparse Hilbert Schmidt Independence Criterion and Surrogate-Kernel-Based Feature Selection for Hyperspectral Image Classification,Multiobjective Subpixel Land-Cover Mapping,Discovering Diverse Subset for Unsupervised Hyperspectral Band Selection,Graph-Regularized Fast and Robust Principal Component Analysis for Hyperspectral Band Selection
Hierarchical Guidance Filtering-Based Ensemble Classification for Hyperspectral Images,"Bin Pan, Zhenwei Shi, Xia Xu, ",2017,3,A Batch-Mode Regularized Multimetric Active Learning Framework for Classification of Hyperspectral Images,A New Unsupervised Hyperspectral Band Selection Method Based on Multiobjective Optimization,Learning CNN to Pair UAV Video Image Patches,PCA-Based Edge-Preserving Features for Hyperspectral Image Classification,Classifiers Combination Techniques: A Comprehensive Review,Superpixel-Based Extended Random Walker for Hyperspectral Image Classification
Stacked Extreme Learning Machines,"Hongming Zhou, Guang-Bin Huang, Zhiping Lin, Han Wang, Yeng Chai Soh, ",2015,14,Auto coder-decoder (CODEC) model based sparse representation for image super resolution,Stacking-based deep neural network: Deep analytic network on convolutional spectral histogram features,Video anomaly detection based on ULGP-OF descriptor and one-class ELM,Optimization of Stacked Unsupervised Extreme Learning Machine to improve classifier performance,Learning Hierarchical Spectral–Spatial Features for Hyperspectral Image Classification,Extreme Learning Machine With Subnetwork Hidden Nodes for Regression and Classification,Coupled Deep Autoencoder for Single Image Super-Resolution,An Efficient Method for Traffic Sign Recognition Based on Extreme Learning Machine,Stacked Convolutional Denoising Auto-Encoders for Feature Representation,Dynamic Delay Predictions for Large-Scale Railway Networks: Deep and Shallow Extreme Learning Machines Tuned via Thresholdout,Large-scale WiFi indoor localization via extreme learning machine,A Parallel Multiclassification Algorithm for Big Data Using an Extreme Learning Machine
Scalable resource management in high performance computers,"E. Frachtenberg, F. Petrini, J. Fernandez, S. Coll, ",2002,1,Efficient and Scalable Hardware-Based Multicast in Fat-Tree Networks
ConVGPU: GPU Management Middleware in Container Based Virtualized Environment,"Daeyoun Kang, Tae Joon Jun, Dohyeun Kim, Jaewook Kim, Daeyoung Kim, ",2017,0
HPC Supported Mission-Critical Cloud Architecture,"Tae Joon Jun, Myong Hwan Yoo, Daeyoung Kim, Kyu Tae Cho, Seung Young Lee, Kyuoke Yeun, ",2017,1,ConVGPU: GPU Management Middleware in Container Based Virtualized Environment
Big data as a service from an urban information system,"Alexandre Sorokine, Rajasekar Karthik, Anthony King, Bhaduri Budhendra, ",2016,0
Highly Flexible and Extensible Storage Scheme for Virtualization Platforms under Cloud Computing,"Di Lu, Jianfeng Ma, Yichuan Wang, Ning Xi, ",2013,0
Building and supporting a massive data infrastructure for the masses,"Anurag Shankar, Gustav Meglicki, Jeff Russ, Haichuan Yang, E. Chris Garrison, ",2002,1,Highly Flexible and Extensible Storage Scheme for Virtualization Platforms under Cloud Computing
High Impact Computing: Computing for Science and the Science of Computing,"Ewa Deelman, ",2015,0
A systems perspective on GPU computing: a tribute to Karsten Schwan,"Naila Farooqui, ",2016,0
A highly available distributed self-scheduler for exascale computing,"Atsuko Takefusa, Hidemoto Nakada, Tsutomu Ikegami, Yoshio Tanaka, ",2015,0
Firmware and software framework of OpenPET electronics system for radiotracer imaging,"Q. Peng, G. M. Netscher, J. S. Huber, C. Vu, W. W. Moses, W. -S. Choong, ",2014,0
Improvisioning Hadoop in Globus Toolkit,"S. Hema, Suresh Jaganathan, ",2013,0
Knowledge based systems for ubiquitous E-healthcare,"Shaftab Ahmed, ",2014,0
Augmented Resource Allocation Framework for Disaster Response Coordination in Mobile Cloud Environments,"Luke Guerdan, Olivia Apperson, Prasad Calyam, ",2017,0
Mobile cloud computing for disaster emergency operation: A systematic review,"Teuku Aulia Geumpana, Fethi Rabhi, John Lewis, Pradeep K. Ray, Liming Zhu, ",2015,1,Augmented Resource Allocation Framework for Disaster Response Coordination in Mobile Cloud Environments
Role of social networking in patient monitoring and E-healthcare,"Shaftab Ahmed, M Yasin Akhtar Raja, ",2013,2,Knowledge based systems for ubiquitous E-healthcare,Mobile cloud computing for disaster emergency operation: A systematic review
Telemedicine in a cloud &mdash; A review,"Shaftab Ahmed, Azween Abdullah, ",2011,4,Role of social networking in patient monitoring and E-healthcare,A personalized healthcare system for chronic disease care in home-hospital cloud environments,Safety and performance evaluation methods for implantable cardioverter defibrillator
The Quadrics network: high-performance clustering technology,"F. Petrini, Wu-chun Feng, A. Hoisie, S. Coll, E. Frachtenberg, ",2002,160,Scalable resource management in high performance computers,Scalable high-performance NIC-based all-to-all broadcast over Myrinet/GM,Efficient Barrier and Allreduce on Infiniband clusters using multicast and adaptive algorithms,Accelerating List Management for MPI,Experiences from Debugging a PCIX-based RDMA-capable NIC,An architecture to perform NIC based MPI matching,High message rate NIC-based atomics: Design and performance considerations,An efficient hardware-software approach to network fault tolerance with InfiniBand,A Portable Method for Improving Available Bandwidth of PC Cluster,PCI express and advanced switching: evolutionary path to building next generation interconnects,Scalable collective communication on the ASCI Q machine,Micro-benchmark level performance comparison of high-speed cluster interconnects,Initial end-to-end performance evaluation of 10-Gigabit Ethernet,Performance evaluation of InfiniBand with PCI Express,Can memory-less network adapters benefit next-generation infiniband systems?,Designing Energy Efficient Communication Runtime Systems for Data Centric Programming Models,Fault-tolerant communication runtime support for data-centric programming models,QsNetIII an Adaptively Routed Network for High Performance Computing,Fulcrum's FocalPoint FM4000: A Scalable Low-Latency 10GigE Switch for High-Performance Data Centers,Enhanced Support for OpenSHMEM Communication in Portals,Evaluating the Potential of Cray Gemini Interconnect for PGAS Communication Runtime Systems,Concurrent Direct Network Access for Virtual Machine Monitors,Hpcbench - a Linux-based network benchmark for high performance networks,An analysis of NIC resource usage for offloading MPI,System-level fault-tolerance in large-scale parallel machines with buffered coscheduling,Performance modeling of unstructured mesh particle transport computations,COTS clusters vs. the Earth simulator: an application study using IMPACT-3D,Design and implementation of open MPI over Quadrics/Elan4,Enhancing NIC performance for MPI using processing-in-memory,Monitoring and debugging parallel software with BCS-MPI on large-scale clusters
